filename,annotation,firstname,lastname,label
image1.jpg,Phthanoperidinium distinctum,phthanoperidinium,,2
image2.jpg,Phthanoperidinium distinctum,phthanoperidinium,,2
image3.jpg,Svalbardella cooksoniae,svalbardella,cooksoniae,8
image4.jpg,Corrudinium incompositum,corrudinium,,42
image5.jpg,Svalbardella cooksoniae,svalbardella,cooksoniae,8
image6.jpg,Phthanoperidinium comatum,phthanoperidinium,,2
image7.jpg,Thalassiphora pelagica,thalassiphora,,27
image8.jpg,Deflandrea phosphoritica,deflandrea,,4
image9.jpg,Inaperturopollenites hiatus,inaperturopollenites,hiatus,3
image10.jpg,Inaperturopollenites hiatus,inaperturopollenites,hiatus,3
image11.jpg,Inaperturopollenites hiatus,inaperturopollenites,hiatus,3
image12.jpg,Inaperturopollenites hiatus,inaperturopollenites,hiatus,3
image13.jpg,Inaperturopollenites hiatus,inaperturopollenites,hiatus,3
image14.jpg,Inaperturopollenites hiatus,inaperturopollenites,hiatus,3
image15.jpg,Inaperturopollenites hiatus,inaperturopollenites,hiatus,3
image16.jpg,Inaperturopollenites hiatus,inaperturopollenites,hiatus,3
image17.jpg,Inaperturopollenites hiatus,inaperturopollenites,hiatus,3
image18.jpg,Inaperturopollenites hiatus,inaperturopollenites,hiatus,3
image19.jpg,Inaperturopollenites hiatus,inaperturopollenites,hiatus,3
image20.jpg,Inaperturopollenites hiatus,inaperturopollenites,hiatus,3
image21.jpg,Inaperturopollenites hiatus,inaperturopollenites,hiatus,3
image22.jpg,Inaperturopollenites hiatus,inaperturopollenites,hiatus,3
image23.jpg,Inaperturopollenites hiatus,inaperturopollenites,hiatus,3
image24.jpg,Inaperturopollenites hiatus,inaperturopollenites,hiatus,3
image25.jpg,Inaperturopollenites hiatus,inaperturopollenites,hiatus,3
image26.jpg,Inaperturopollenites hiatus,inaperturopollenites,hiatus,3
image27.jpg,Inaperturopollenites hiatus,inaperturopollenites,hiatus,3
image28.jpg,Inaperturopollenites hiatus,inaperturopollenites,hiatus,3
image29.jpg,Rhombodinium porosum,rhombodinium,,46
image30.jpg,Deflandrea heterophlycta (inner body),deflandrea,,4
image31.jpg,Heteraulacacysta pustulata,heteraulacacysta,,29
image32.jpg,Deflandrea heterophlycta (inner body),deflandrea,,4
image33.jpg,Heteraulacacysta porosa,heteraulacacysta,,29
image34.jpg,Areosphaeridium diktyoplokum,areosphaeridium,,10
image35.jpg,Hystrichokolpoma rigaudiae,hystrichokolpoma,,17
image36.jpg,Phthanoperidinium comatum,phthanoperidinium,,2
image37.jpg,Distatodinium sp.,distatodinium,,33
image38.jpg,Svalbardella cooksoniae,svalbardella,cooksoniae,8
image39.jpg,Wetzeliella gochtii,wetzeliella,,9
image40.jpg,Svalbardella kareniae,svalbardella,kareniae,8
image41.jpg,Wetzeliella ovalis,wetzeliella,,9
image42.jpg,Ericipites sp.,ericipites,,102
image43.jpg,Svalbardella kareniae,svalbardella,kareniae,8
image44.jpg,Svalbardella cooksoniae,svalbardella,cooksoniae,8
image45.jpg,Deflandrea phosphoritica spinulosa,deflandrea,,4
image46.jpg,Svalbardella cooksoniae,svalbardella,cooksoniae,8
image47.jpg,Svalbardella cooksoniae,svalbardella,cooksoniae,8
image48.jpg,Svalbardella cooksoniae,svalbardella,cooksoniae,8
image49.jpg,Svalbardella cooksoniae,svalbardella,cooksoniae,8
image50.jpg,Deflandrea phosphoritica spinulosa (frag),deflandrea,,4
image51.jpg,Wetzeliella gochtii,wetzeliella,,9
image52.jpg,Svalbardella cooksoniae,svalbardella,cooksoniae,8
image53.jpg,Svalbardella cooksoniae,svalbardella,cooksoniae,8
image54.jpg,Nannoceratopsis senex,nannoceratopsis,,35
image55.jpg,Wetzeliella gochtii,wetzeliella,,9
image56.jpg,Svalbardella cooksoniae,svalbardella,cooksoniae,8
image57.jpg,Svalbardella kareniae,svalbardella,kareniae,8
image58.jpg,Svalbardella cooksoniae,svalbardella,cooksoniae,8
image59.jpg,bisaccate pollen,bisaccate,,13
image60.jpg,Wetzeliella gochtii,wetzeliella,,9
image61.jpg,Svalbardella cooksoniae,svalbardella,cooksoniae,8
image62.jpg,Deflandrea phosphoritica,deflandrea,,4
image63.jpg,Svalbardella cooksoniae,svalbardella,cooksoniae,8
image64.jpg,Dinopterygium cf. cladoides Morgenroth 1966,dinopterygium,,20
image65.jpg,Trinacria sp? (diatom),trinacria,,97
image66.jpg,Inaperturopollenites hiatus,inaperturopollenites,hiatus,3
image67.jpg,Inaperturopollenites hiatus,inaperturopollenites,hiatus,3
image68.jpg,Stephanopyxis sp. (diatom),stephanopyxis,,22
image69.jpg,Azpeitia sp. (diatom),azpeitia,,98
image70.jpg,Stephanopyxis sp. (diatom),stephanopyxis,,22
image71.jpg,Svalbardella cooksoniae,svalbardella,cooksoniae,8
image72.jpg,Inaperturopollenites hiatus,inaperturopollenites,hiatus,3
image73.jpg,Svalbardella cooksoniae,svalbardella,cooksoniae,8
image74.jpg,Deflandrea phosphoritica,deflandrea,,4
image75.jpg,bisaccate pollen,bisaccate,,13
image76.jpg,Wetzeliella symmetrica,wetzeliella,,9
image77.jpg,Svalbardella cooksoniae,svalbardella,cooksoniae,8
image78.jpg,Svalbardella kareniae,svalbardella,kareniae,8
image79.jpg,Inaperturopollenites hiatus,inaperturopollenites,hiatus,3
image80.jpg,Alisocysta margarita,alisocysta,margarita,14
image81.jpg,Palaeoperidinium pyrophorum,palaeoperidinium,,5
image82.jpg,Alisocysta margarita,alisocysta,margarita,14
image83.jpg,Inaperturopollenites hiatus,inaperturopollenites,hiatus,3
image84.jpg,Spinifiertes ramosus reticulatus?,spiniferites,,7
image85.jpg,Glaphyrocysta sp.,glaphyrocysta,,12
image86.jpg,Inaperturopollenites hiatus,inaperturopollenites,hiatus,3
image87.jpg,Glaphyrocysta sp.,glaphyrocysta,,12
image88.jpg,Alisocysta margarita,alisocysta,margarita,14
image89.jpg,Palaeoperidinium pyrophorum,palaeoperidinium,,5
image90.jpg,Glaphyrocysta sp.,glaphyrocysta,,12
image91.jpg,Subtilisphaera sp.A,subtilisphaera,,15
image92.jpg,bisaccate pollen,bisaccate,,13
image93.jpg,Subtilisphaera sp.A,subtilisphaera,,15
image94.jpg,Inaperturopollenites hiatus,inaperturopollenites,hiatus,3
image95.jpg,Glaphyrocysta sp.,glaphyrocysta,,12
image96.jpg,Glaphyrocysta sp.,glaphyrocysta,,12
image97.jpg,Subtilisphaera sp.A,subtilisphaera,,15
image98.jpg,Subtilisphaera sp.A,subtilisphaera,,15
image99.jpg,Inaperturopollenites hiatus (w/ligula),inaperturopollenites,hiatus,3
image100.jpg,Subtilisphaera sp.,subtilisphaera,,15
image101.jpg,Glaphyrocysta sp.,glaphyrocysta,,12
image102.jpg,Subtilisphaera sp.A,subtilisphaera,,15
image103.jpg,bisaccate pollen,bisaccate,,13
image104.jpg,bisaccate pollen,bisaccate,,13
image105.jpg,Inaperturopollenites hiatus,inaperturopollenites,hiatus,3
image106.jpg,Palambages sp.,palambages,,44
image107.jpg,Palaeoperidinium pyrophorum,palaeoperidinium,,5
image108.jpg,bisaccate pollen,bisaccate,,13
image109.jpg,Subtilisphaera sp.A,subtilisphaera,,15
image110.jpg,Glaphyrocysta sp.,glaphyrocysta,,12
image111.jpg,Tiliaepollenites microreticulatus grp.,tiliaepollenites,,61
image112.jpg,Subtilisphaera sp.A,subtilisphaera,,15
image113.jpg,Subtilisphaera sp.,subtilisphaera,,15
image114.jpg,Subtilisphaera sp.A,subtilisphaera,,15
image115.jpg,Subtilisphaera sp.,subtilisphaera,,15
image116.jpg,Glaphyrocysta sp.,glaphyrocysta,,12
image117.jpg,Subtilisphaera sp.A?,subtilisphaera,,15
image118.jpg,bisaccate pollen,bisaccate,,13
image119.jpg,Spiniferites ramosus ramosus,spiniferites,,7
image120.jpg,Alisocysta margarita,alisocysta,margarita,14
image121.jpg,Alisocysta margarita,alisocysta,margarita,14
image122.jpg,Glaphyrocysta sp.,glaphyrocysta,,12
image123.jpg,Subtilisphaera sp.A,subtilisphaera,,15
image124.jpg,Glaphyrocysta sp.,glaphyrocysta,,12
image125.jpg,Subtilisphaera sp.A,subtilisphaera,,15
image126.jpg,Nematosphaeridium reticulensis?,nematosphaeridium,,118
image127.jpg,Glaphyrocysta sp.,glaphyrocysta,,12
image128.jpg,Inaperturopollenites hiatus,inaperturopollenites,hiatus,3
image129.jpg,Inaperturopollenites hiatus,inaperturopollenites,hiatus,3
image130.jpg,Subtilisphaera sp.A,subtilisphaera,,15
image131.jpg,Subtilisphaera sp.A,subtilisphaera,,15
image132.jpg,Subtilisphaera sp.A,subtilisphaera,,15
image133.jpg,Subtilisphaera perlucida,subtilisphaera,,15
image134.jpg,Glaphyrocysta sp.,glaphyrocysta,,12
image135.jpg,Subtilisphaera sp.A,subtilisphaera,,15
image136.jpg,Alisocysta margarita,alisocysta,margarita,14
image137.jpg,Subtilisphaera sp.A,subtilisphaera,,15
image138.jpg,Alisocysta margarita,alisocysta,margarita,14
image139.jpg,Palaeoperidinium pyrophorum,palaeoperidinium,,5
image140.jpg,Glaphyrocysta sp.,glaphyrocysta,,12
image141.jpg,Glaphyrocysta sp.,glaphyrocysta,,12
image142.jpg,bisaccate pollen,bisaccate,,13
image143.jpg,Glaphyrocysta sp.,glaphyrocysta,,12
image144.jpg,Palaeoperidinium pyrophorum,palaeoperidinium,,5
image145.jpg,Subtilisphaera sp.A,subtilisphaera,,15
image146.jpg,Subtilisphaera sp.A,subtilisphaera,,15
image147.jpg,Alisocysta margarita,alisocysta,margarita,14
image148.jpg,Alisocysta margarita,alisocysta,margarita,14
image149.jpg,Glaphyrocysta sp.,glaphyrocysta,,12
image150.jpg,Cerodinium striatum,cerodinium,,21
image151.jpg,Subtilisphaera sp.A,subtilisphaera,,15
image152.jpg,Glaphyrocysta sp.,glaphyrocysta,,12
image154.jpg,Glaphyrocysta sp.,glaphyrocysta,,12
image155.jpg,Cordosphaeridium gracile,cordosphaeridium,,23
image156.jpg,Alisocysta margarita,alisocysta,margarita,14
image157.jpg,Alisocysta margarita,alisocysta,margarita,14
image158.jpg,Glaphyrocysta sp.,glaphyrocysta,,12
image159.jpg,Alisocysta margarita,alisocysta,margarita,14
image160.jpg,Cerodinium speciosum,cerodinium,,21
image161.jpg,Leiosphaeridia (large),leiosphaeridia,,48
image162.jpg,Cerodinium speciosum,cerodinium,,21
image163.jpg,Alisocysta margarita,alisocysta,margarita,14
image164.jpg,Alisocysta margarita?,alisocysta,margarita,14
image165.jpg,Glaphyrocysta sp.,glaphyrocysta,,12
image166.jpg,Glaphyrocysta sp.,glaphyrocysta,,12
image167.jpg,Cerodinium speciosum,cerodinium,,21
image168.jpg,Alisocysta margarita,alisocysta,margarita,14
image169.jpg,Alisocysta margarita,alisocysta,margarita,14
image170.jpg,Alisocysta margarita,alisocysta,margarita,14
image171.jpg,tintinnid??,tintinnid??,,94
image172.jpg,Areosphaeridium dictyoplokum,areosphaeridium,,10
image173.jpg,Dinopterygium cf. cladoides Morgenroth 1966,dinopterygium,,20
image174.jpg,Wetzeliella sp.,wetzeliella,,9
image175.jpg,Dinopterygium cf. cladoides Morgenroth 1966,dinopterygium,,20
image176.jpg,Dinopterygium cf. cladoides Morgenroth 1966,dinopterygium,,20
image177.jpg,Trithyrodinium zakkii,trithyrodinium,,37
image178.jpg,Hystrichokolpoma sp.,hystrichokolpoma,,17
image179.jpg,Spiniferites sp.2 Manum et al 1989,spiniferites,,7
image180.jpg,Deflandrea heterophlyecta,deflandrea,,4
image181.jpg,Spiniferites manumii,spiniferites,,7
image182.jpg,Enneadocysta arcuata,enneadocysta,,25
image183.jpg,Stephanopyxis grunowii (frag) (diatom),stephanopyxis,,22
image184.jpg,Stephanopyxis sp. (diatom),stephanopyxis,,22
image185.jpg,Thalassiphora sp?,thalassiphora,,27
image186.jpg,Stephanopyxis sp. (diatom),stephanopyxis,,22
image187.jpg,Spiniferites twistringiensis,spiniferites,,7
image188.jpg,Dapsilidinium pseudocolligerum,dapsilidinium,,32
image189.jpg,Distatodinium sp. (frag),distatodinium,,33
image190.jpg,Phthanoperidinium amoenum,phthanoperidinium,,2
image191.jpg,Distephanus crux (silicoflagellate),distephanus,,107
image192.jpg,Thalassiphora pelagica,thalassiphora,,27
image193.jpg,Laevigatosporites sp.,laevigatosporites,,77
image194.jpg,Baculatisporites comaumensis,baculatisporites,,85
image195.jpg,Spiniferites sp.2 Manum et al 1989?,spiniferites,,7
image196.jpg,Deflandrea granulata?,deflandrea,,4
image197.jpg,Stephanopyxis sp. (diatom),stephanopyxis,,22
image198.jpg,Hystrichostrogylon? (I know I've seen this!),hystrichostrogylon,,55
image199.jpg,Spiniferites manumii,spiniferites,,7
image200.jpg,Hystrichostrogylon membraniphorum,hystrichostrogylon,,55
image201.jpg,Dapsilidinium pseudocolligerum,dapsilidinium,,32
image202.jpg,Wetzeliella sp.,wetzeliella,,9
image203.jpg,Dinopterygium cf. cladoides Morgenroth 1966,dinopterygium,,20
image204.jpg,Phthanoperidinium amoenum,phthanoperidinium,,2
image205.jpg,Phthanoperidinium amoenum,phthanoperidinium,,2
image206.jpg,Diphyes colligerum,diphyes,,41
image207.jpg,Deflandrea phosphoritica,deflandrea,,4
image208.jpg,Wetzeliella sp.,wetzeliella,,9
image209.jpg,Cleistosphaeridium sp.,cleistosphaeridium,,11
image210.jpg,Stephanopyxis sp. (diatom),stephanopyxis,,22
image211.jpg,Phthanoperidinium comatum,phthanoperidinium,,2
image212.jpg,Cordosphaeridium cantharellus,cordosphaeridium,,23
image213.jpg,Spinifiertes ramosus ramosus (frag),spiniferites,,7
image214.jpg,Thalassiphora pelagica,thalassiphora,,27
image215.jpg,Spiniferites twistringiensis,spiniferites,,7
image216.jpg,Stephanopyxis grunowii (diatom),stephanopyxis,,22
image217.jpg,Stephanopyxis grunowii (diatom),stephanopyxis,,22
image218.jpg,Chatangiella islae,chatangiella,,26
image219.jpg,Spiniferites jarvisii,spiniferites,,7
image220.jpg,Chatangiella islae,chatangiella,,26
image221.jpg,Heterosphaeridium difficile?,heterosphaeridium,,49
image222.jpg,Chatangiella islae,chatangiella,,26
image223.jpg,Chatangiella islae,chatangiella,,26
image224.jpg,Chatangiella islae,chatangiella,,26
image225.jpg,Chatangiella islae,chatangiella,,26
image226.jpg,Palaeohystrichophora infusorioides,palaeohystrichophora,,58
image227.jpg,Trithyrodinium bireticulatum,trithyrodinium,,37
image228.jpg,Raphidodinium fucatum,raphidodinium,,39
image229.jpg,Chatangiella islae,chatangiella,,26
image230.jpg,Palaeohystrichophora infusorioides,palaeohystrichophora,,58
image231.jpg,Trithyrodinium bireticulatum,trithyrodinium,,37
image232.jpg,Palaeohystrichophora infusorioides,palaeohystrichophora,,58
image233.jpg,Chatangiella islae,chatangiella,,26
image234.jpg,Heterosphaeridium difficile (robust),heterosphaeridium,,49
image235.jpg,Chatangiella islae,chatangiella,,26
image236.jpg,Raphidodinium fucatum,raphidodinium,,39
image237.jpg,Raphidodinium fucatum,raphidodinium,,39
image238.jpg,Circulodinium distinctum,circulodinium,,57
image239.jpg,Chatangiella islae,chatangiella,,26
image240.jpg,Chatangiella islae,chatangiella,,26
image241.jpg,Nannoceratopsis gracilis,nannoceratopsis,,35
image242.jpg,Nannoceratopsis gracilis,nannoceratopsis,,35
image243.jpg,Nannoceratopsis gracilis,nannoceratopsis,,35
image244.jpg,Nannoceratopsis triangulata,nannoceratopsis,,35
image245.jpg,Nannoceratopsis senex,nannoceratopsis,,35
image246.jpg,Nannoceratopsis gracilis,nannoceratopsis,,35
image247.jpg,Odontochitina costata?,odontochitina,,30
image248.jpg,Eatonicysta ursulae,eatonicysta,ursulae,6
image249.jpg,Areoligera cf. medusettiformis Williams & Downie 1966,areoligera,,1
image250.jpg,Areoligera coronata grp,areoligera,,1
image251.jpg,Areoligera sp.,areoligera,,1
image252.jpg,Areoligera cf. medusettiformis Williams & Downie 1966,areoligera,,1
image253.jpg,Areoligera cf. medusettiformis Williams & Downie 1966,areoligera,,1
image254.jpg,Areoligera medusettiformis grp.,areoligera,,1
image255.jpg,Areoligera cf. medusettiformis Williams & Downie 1966,areoligera,,1
image256.jpg,Areoligera medusettiformis grp.,areoligera,,1
image257.jpg,Areoligera cf. medusettiformis Williams & Downie 1966,areoligera,,1
image258.jpg,Areoligera cf. medusettiformis Williams & Downie 1966?,areoligera,,1
image259.jpg,Areoligera cf. medusettiformis Williams & Downie 1966,areoligera,,1
image260.jpg,Areoligera medusettiformis grp.,areoligera,,1
image261.jpg,Areoligera medusettiformis grp.,areoligera,,1
image262.jpg,Cordosphaeridium gracile,cordosphaeridium,,23
image263.jpg,Areoligera cf. medusettiformis Williams & Downie 1966,areoligera,,1
image264.jpg,Areoligera cf. medusettiformis Williams & Downie 1966,areoligera,,1
image265.jpg,Areoligera cf. medusettiformis Williams & Downie 1966,areoligera,,1
image266.jpg,Areoligera cf. medusettiformis Williams & Downie 1966,areoligera,,1
image267.jpg,Areoligera cf. medusettiformis Williams & Downie 1966,areoligera,,1
image268.jpg,Areoligera medusettiformis grp.,areoligera,,1
image269.jpg,Areoligera cf. medusettiformis Williams & Downie 1966,areoligera,,1
image270.jpg,Dinopterygium cf. cladoides Morgenroth 1966,dinopterygium,,20
image271.jpg,Areoligera cf. medusettiformis Williams & Downie 1966,areoligera,,1
image272.jpg,Areoligera cf. medusettiformis Williams & Downie 1966,areoligera,,1
image273.jpg,Areoligera cf. medusettiformis Williams & Downie 1966,areoligera,,1
image274.jpg,Areoligera cf. medusettiformis Williams & Downie 1966,areoligera,,1
image275.jpg,Areoligera cf. medusettiformis Williams & Downie 1966,areoligera,,1
image276.jpg,Areoligera undulata?,areoligera,,1
image277.jpg,Spiniferites ramosus ramosus,spiniferites,,7
image278.jpg,Areoligera sp.,areoligera,,1
image279.jpg,Areoligera medusettiformis grp.,areoligera,,1
image280.jpg,Areoligera medusettiformis grp. (operculum),areoligera,,1
image281.jpg,Oligosphaeridium complex,oligosphaeridium,,68
image282.jpg,Areoligera medusettiformis grp.,areoligera,,1
image283.jpg,Areoligera cf. medusettiformis Williams & Downie 1966,areoligera,,1
image284.jpg,Areoligera medusettiformis grp. (operculum),areoligera,,1
image285.jpg,Cordosphaeridium gracile,cordosphaeridium,,23
image286.jpg,Areoligera cf. medusettiformis Williams & Downie 1966,areoligera,,1
image287.jpg,Areoligera medusettiformis,areoligera,,1
image288.jpg,Areoligera cf. medusettiformis Williams & Downie 1966,areoligera,,1
image289.jpg,Coscinodiscus sp.,coscinodiscus,,116
image290.jpg,Dracodinium eocaenicum,dracodinium,,52
image291.jpg,Phthanoperidinium distinctum,phthanoperidinium,,2
image292.jpg,Phthanoperidinium distinctum,phthanoperidinium,,2
image293.jpg,Phthanoperidinium indistinctum,phthanoperidinium,,2
image294.jpg,Distatodinium scariosum,distatodinium,,33
image295.jpg,Heteraulacysta sp.,heteraulacacysta,,29
image296.jpg,Phthanoperidinium distinctum,phthanoperidinium,,2
image297.jpg,Phthanoperidinium indistinctum,phthanoperidinium,,2
image298.jpg,Dinopterygium cf. cladoides Morgenroth 1966,dinopterygium,,20
image299.jpg,Areosphaeridium michoudii,areosphaeridium,,10
image300.jpg,Phthanoperidinium distinctum,phthanoperidinium,,2
image301.jpg,Enneadocysta sp.,enneadocysta,,25
image302.jpg,Phthanoperidinium distinctum,phthanoperidinium,,2
image303.jpg,Cerebrocysta bartonensis,cerebrocysta,,69
image304.jpg,Phthanoperidinium distinctum,phthanoperidinium,,2
image305.jpg,Phthanoperidinium distinctum,phthanoperidinium,,2
image306.jpg,Heteraulacacysta porosa,heteraulacacysta,,29
image307.jpg,Phthanoperidinium distinctum,phthanoperidinium,,2
image308.jpg,Phthanoperidinium distinctum,phthanoperidinium,,2
image309.jpg,Phthanoperidinium indistinctum,phthanoperidinium,,2
image310.jpg,Phthanoperidinium distinctum,phthanoperidinium,,2
image311.jpg,Phthanoperidinium indistinctum,phthanoperidinium,,2
image312.jpg,Phthanoperidinium distinctum,phthanoperidinium,,2
image313.jpg,Phthanoperidinium distinctum,phthanoperidinium,,2
image314.jpg,bisaccate pollen,bisaccate,,13
image315.jpg,Areosphaeridium michoudii,areosphaeridium,,10
image316.jpg,Areosphaeridium michoudii,areosphaeridium,,10
image317.jpg,Heteraulacacysta porosa,heteraulacacysta,,29
image318.jpg,Minisphaeridium latirictum,minisphaeridium,,28
image319.jpg,Hystrichokolpoma sp.,hystrichokolpoma,,17
image320.jpg,Triatriopollenites triangulus-subtriangulus,triatriopollenites,,51
image321.jpg,Phthanoperidinium indistinctum,phthanoperidinium,,2
image322.jpg,Cleistosphaeridium sp.,cleistosphaeridium,,11
image323.jpg,Phthanoperidinium distinctum,phthanoperidinium,,2
image324.jpg,Heteraulacacysta porosa,heteraulacacysta,,29
image325.jpg,Phthanoperidinium distinctum,phthanoperidinium,,2
image326.jpg,Paucilobiomorpha incurvata,paucilobiomorpha,,75
image327.jpg,Dinopterygium cf. cladoides Morgenroth 1966,dinopterygium,,20
image328.jpg,Phthanoperidinium distinctum,phthanoperidinium,,2
image329.jpg,Wetzeliella sp.,wetzeliella,,9
image330.jpg,Cleistosphaeridium sp.,cleistosphaeridium,,11
image331.jpg,Phthanoperidinium distinctum,phthanoperidinium,,2
image332.jpg,Enneadocysta sp.,enneadocysta,,25
image333.jpg,Phthanoperidinium distinctum,phthanoperidinium,,2
image334.jpg,Phthanoperidinium distinctum,phthanoperidinium,,2
image335.jpg,Phthanoperidinium distinctum,phthanoperidinium,,2
image336.jpg,Cleistosphaeridium sp.,cleistosphaeridium,,11
image337.jpg,Areosphaeridium michoudii,areosphaeridium,,10
image338.jpg,Corrudinium incompositum,corrudinium,,42
image339.jpg,Areosphaeridium michoudii,areosphaeridium,,10
image340.jpg,Phthanoperidinium distinctum,phthanoperidinium,,2
image341.jpg,Glaphyrocysta exuberans?,glaphyrocysta,,12
image342.jpg,Dinopterygium cf. cladoides Morgenroth 1966,dinopterygium,,20
image343.jpg,bisaccate pollen,bisaccate,,13
image344.jpg,Cleistosphaeridium sp.,cleistosphaeridium,,11
image345.jpg,Phthanoperidinium indistinctum,phthanoperidinium,,2
image346.jpg,Cleistosphaeridium sp.,cleistosphaeridium,,11
image347.jpg,Cleistosphaeridium sp.,cleistosphaeridium,,11
image348.jpg,Areosphaeridium michoudii,areosphaeridium,,10
image349.jpg,Corrudinium incompositum,corrudinium,,42
image350.jpg,Areosphaeridium michoudii,areosphaeridium,,10
image351.jpg,Cleistosphaeridium sp.,cleistosphaeridium,,11
image352.jpg,Enneadocysta arcuata,enneadocysta,,25
image353.jpg,Areosphaeridium michoudii,areosphaeridium,,10
image354.jpg,Heteraulacacysta porosa,heteraulacacysta,,29
image355.jpg,Distatodinium sp.,distatodinium,,33
image356.jpg,Cleistosphaeridium sp.,cleistosphaeridium,,11
image357.jpg,Enneadocysta arcuata,enneadocysta,,25
image358.jpg,Enneadocysta multicornutum?,enneadocysta,,25
image359.jpg,Heteraulacacysta porosa,heteraulacacysta,,29
image360.jpg,Phthanoperidinium distinctum,phthanoperidinium,,2
image361.jpg,Phthanoperidinium geminatum,phthanoperidinium,,2
image362.jpg,Fromea nicosia,fromea,,86
image363.jpg,Palaeoperidinium pyrophorum,palaeoperidinium,,5
image364.jpg,Achomosphaera ramulifera,achomosphaera,,43
image365.jpg,Circulodinium distinctum,circulodinium,,57
image366.jpg,Trithyrodinium bireticulatum,trithyrodinium,,37
image367.jpg,Odontochitina operculata? (operculum),odontochitina,,30
image368.jpg,Lycospora pusilla,lycospora,,109
image369.jpg,Odontochitina operculata? (frag),odontochitina,,30
image370.jpg,Laciniadinium firmum,laciniadinium,,60
image371.jpg,Areoligera coronata,areoligera,,1
image372.jpg,Palaeocystodinium bulliforme,palaeocystodinium,,0
image373.jpg,Areoligera coronata?,areoligera,,1
image374.jpg,Palaeocystodinium bulliforme,palaeocystodinium,,0
image375.jpg,Hystrichosphaeriium tubiferum tubiferum,hystrichosphaeridium,,18
image376.jpg,Circulodinium distinctum,circulodinium,,57
image377.jpg,Hystrichosphaeriium tubiferum tubiferum,hystrichosphaeridium,,18
image378.jpg,Aquilapollenites sp.,aquilapollenites,,92
image379.jpg,Hystrichosphaeridium tenuitubatum,hystrichosphaeridium,,18
image380.jpg,Isabelidinium cooksoniae,isabelidinium,cooksoniae,16
image381.jpg,Deltoidospora,deltoidospora,,110
image382.jpg,Echinatosporis sp.,echinatosporis,,104
image383.jpg,Cordosphaeridium cantharellus?,cordosphaeridium,,23
image384.jpg,Achomophaera antleriformis?,achomosphaera,,43
image385.jpg,Thalassiphora pelagica,thalassiphora,,27
image386.jpg,Eatonicysta ursulae,eatonicysta,ursulae,6
image387.jpg,Eatonicysta ursulae,eatonicysta,ursulae,6
image388.jpg,Eatonicysta ursulae (broken),eatonicysta,ursulae,6
image389.jpg,Eatonicysta ursulae (broken),eatonicysta,ursulae,6
image390.jpg,Areosphaeridium michoudii,areosphaeridium,,10
image391.jpg,Diphyes ficusoides,diphyes,,41
image392.jpg,Azolla massulae,azolla,massulae,19
image393.jpg,Azolla massulae,azolla,massulae,19
image394.jpg,Azolla massulae?,azolla,massulae,19
image395.jpg,Azolla massulae,azolla,massulae,19
image396.jpg,Cordosphaeridium inodes?,cordosphaeridium,,23
image397.jpg,Wetzeliella articulata,wetzeliella,,9
image398.jpg,Eatonicysta ursulae (frag),eatonicysta,ursulae,6
image399.jpg,Eatonicysta ursulae,eatonicysta,ursulae,6
image400.jpg,Azolla massulae,azolla,massulae,19
image401.jpg,Eatonicysta ursulae,eatonicysta,ursulae,6
image402.jpg,Cleistosphaeridium sp.,cleistosphaeridium,,11
image403.jpg,Phthanoperidinium distinctum,phthanoperidinium,,2
image404.jpg,Axiodinium prearticulatum?,axiodinium,,24
image405.jpg,Wetzeliella ovalis,wetzeliella,,9
image406.jpg,Enneadocysta arcuata,enneadocysta,,25
image407.jpg,Eatonicysta ursulae,eatonicysta,ursulae,6
image408.jpg,Cordosphaeridium gracile,cordosphaeridium,,23
image409.jpg,Eatonicysta ursulae,eatonicysta,ursulae,6
image410.jpg,Axiodinium prearticulatum,axiodinium,,24
image411.jpg,Eatonicysta ursulae (short),eatonicysta,ursulae,6
image412.jpg,Caligodinium sp.,caligodinium,,38
image413.jpg,Areosphaeridium michoudii,areosphaeridium,,10
image414.jpg,Callimothallus sp. (frag),callimothallus,,79
image415.jpg,Wetzeliella gochtii?,wetzeliella,,9
image416.jpg,Eatonicysta ursulae,eatonicysta,ursulae,6
image417.jpg,Eatonicysta ursulae,eatonicysta,ursulae,6
image418.jpg,Azolla massulae,azolla,massulae,19
image419.jpg,Eatonicysta ursulae,eatonicysta,ursulae,6
image420.jpg,Wetzelielloideae (indet.),wetzelielloideae,,72
image421.jpg,Azolla massulae,azolla,massulae,19
image422.jpg,Eatonicysta ursulae,eatonicysta,ursulae,6
image423.jpg,Azolla massulae,azolla,massulae,19
image424.jpg,Eatonicysta ursulae (frag),eatonicysta,ursulae,6
image425.jpg,Areosphaeridium michoudii,areosphaeridium,,10
image426.jpg,Eatonicysta ursulae (short),eatonicysta,ursulae,6
image427.jpg,Dinopterygium cf. cladoides Morgenroth 1966,dinopterygium,,20
image428.jpg,Eatonicysta ursulae,eatonicysta,ursulae,6
image429.jpg,Hystrichokolpoma rigaudiae,hystrichokolpoma,,17
image430.jpg,Caligodinium amiculum,caligodinium,,38
image431.jpg,Areosphaeridium michoudii,areosphaeridium,,10
image432.jpg,Azolla massulae,azolla,massulae,19
image433.jpg,Eatonicysta ursulae,eatonicysta,ursulae,6
image434.jpg,Sponge spicule,sponge,,90
image435.jpg,Azolla massulae,azolla,massulae,19
image436.jpg,Azolla massulae,azolla,massulae,19
image437.jpg,Dracodinium brevicornutum,dracodinium,,52
image438.jpg,Dapsilidinium pseudocolligerum,dapsilidinium,,32
image439.jpg,Deflandrea (endocyst),deflandrea,,4
image440.jpg,Azolla massulae,azolla,massulae,19
image441.jpg,Azolla massulae,azolla,massulae,19
image442.jpg,Stephanopyxis sp. (diatom),stephanopyxis,,22
image443.jpg,Eatonicysta ursulae,eatonicysta,ursulae,6
image444.jpg,Cleistosphaeridium sp.,cleistosphaeridium,,11
image445.jpg,Pyxilla reticulata (diatom),pyxilla,,54
image446.jpg,Azolla massulae,azolla,massulae,19
image447.jpg,Cordosphaeridium inodes,cordosphaeridium,,23
image448.jpg,Azolla massulae,azolla,massulae,19
image449.jpg,Stenodinium meckelfeldense?,stenodinium,,91
image450.jpg,Enneadocysta multcornutum,enneadocysta,,25
image451.jpg,Azolla massulae,azolla,massulae,19
image452.jpg,Minisphaeridium latirictum,minisphaeridium,,28
image453.jpg,Hystrichostrogylon membraniphorum,hystrichostrogylon,,55
image454.jpg,Areosphaeridium michoudii,areosphaeridium,,10
image455.jpg,Eatonicysta ursulae,eatonicysta,ursulae,6
image456.jpg,Azolla massulae,azolla,massulae,19
image457.jpg,Dracodinium varielongitudum?,dracodinium,,52
image458.jpg,Eatonicysta ursulae,eatonicysta,ursulae,6
image459.jpg,Diphyes colligerum (apical),diphyes,,41
image460.jpg,Wetzelielloideae (indet.),wetzelielloideae,,72
image461.jpg,Azolla massulae,azolla,massulae,19
image462.jpg,Stephanopyxis sp. (diatom),stephanopyxis,,22
image463.jpg,Hystrichokolpoma rigaudiae,hystrichokolpoma,,17
image464.jpg,Dracodinium brevicornutum,dracodinium,,52
image465.jpg,Areosphaeridium michoudii,areosphaeridium,,10
image466.jpg,Areosphaeridium michoudii? (operculum),areosphaeridium,,10
image467.jpg,Stephanopyxis sp. (diatom),stephanopyxis,,22
image468.jpg,Stephanopyxis sp. (diatom),stephanopyxis,,22
image469.jpg,Stephanopyxis sp. (diatom),stephanopyxis,,22
image470.jpg,Stephanopyxis sp. (diatom),stephanopyxis,,22
image471.jpg,Diphyes ficusoides,diphyes,,41
image472.jpg,Diphyes ficusoides,diphyes,,41
image473.jpg,Stephanopyxis sp. (diatom),stephanopyxis,,22
image474.jpg,Cleistosphaeridium placacanthum,cleistosphaeridium,,11
image475.jpg,Cordosphaeridium gracile,cordosphaeridium,,23
image476.jpg,Azolla massulae,azolla,massulae,19
image477.jpg,Eatonicysta ursulae,eatonicysta,ursulae,6
image478.jpg,Eatonicysta ursulae,eatonicysta,ursulae,6
image479.jpg,Azolla massulae,azolla,massulae,19
image480.jpg,Eatonicysta ursulae,eatonicysta,ursulae,6
image481.jpg,Eatonicysta ursulae,eatonicysta,ursulae,6
image482.jpg,Eatonicysta ursulae,eatonicysta,ursulae,6
image483.jpg,Eatonicysta ursulae,eatonicysta,ursulae,6
image484.jpg,Eatonicysta ursulae,eatonicysta,ursulae,6
image485.jpg,Eatonicysta ursulae,eatonicysta,ursulae,6
image486.jpg,Azolla massulae,azolla,massulae,19
image487.jpg,Azolla massulae,azolla,massulae,19
image488.jpg,Cleistosphaeridium sp.,cleistosphaeridium,,11
image489.jpg,Thalassiphora patula?,thalassiphora,,27
image490.jpg,Eatonicysta ursulae,eatonicysta,ursulae,6
image491.jpg,Eatonicysta ursulae,eatonicysta,ursulae,6
image492.jpg,Homotryblium tenuispinosum,homotryblium,,66
image493.jpg,Eatonicysta ursulae,eatonicysta,ursulae,6
image494.jpg,Wetzeliella articulata,wetzeliella,,9
image495.jpg,Diphyes ficusoides,diphyes,,41
image496.jpg,Spiniferites pseudofurcatus,spiniferites,,7
image497.jpg,Sheshukovia sp. (diatom),sheshukovia,,84
image498.jpg,Phthanoperidinium comatum,phthanoperidinium,,2
image499.jpg,Phthanoperidinium comatum,phthanoperidinium,,2
image500.jpg,Minisphaeridium latirictum,minisphaeridium,,28
image501.jpg,Deflandrea phosphoritica,deflandrea,,4
image502.jpg,Deflandrea phosphoritica,deflandrea,,4
image503.jpg,Microthallites sp?,microthallites,,50
image504.jpg,Deflandrea phosphoritica,deflandrea,,4
image505.jpg,Spiniferites manumii,spiniferites,,7
image506.jpg,Spiniferites manumii,spiniferites,,7
image507.jpg,Deflandrea heterophlycta,deflandrea,,4
image508.jpg,Deflandrea phosphoritica,deflandrea,,4
image509.jpg,Deflandrea phosphoritica,deflandrea,,4
image510.jpg,Apteodinium australiense,apteodinium,,45
image511.jpg,Operculodinium divergens,operculodinium,,47
image512.jpg,Phthanoperidinium amoneum,phthanoperidinium,,2
image513.jpg,Phthanoperidinium amoneum,phthanoperidinium,,2
image514.jpg,Spiniferites manumii,spiniferites,,7
image515.jpg,Phthanoperidinium amoneum,phthanoperidinium,,2
image516.jpg,Phthanoperidinium amoneum,phthanoperidinium,,2
image517.jpg,Spiniferites twistringiensis,spiniferites,,7
image518.jpg,Reticulatosphaera valdereticulata,reticulatosphaera,,34
image519.jpg,Cordosphaeridium cantharellus,cordosphaeridium,,23
image520.jpg,Caligodinium aceras,caligodinium,,38
image521.jpg,Phthanoperidinium geminatum,phthanoperidinium,,2
image522.jpg,Reticulatosphaera actinocoronatum,reticulatosphaera,,34
image523.jpg,Phthanoperidinium amoneum,phthanoperidinium,,2
image524.jpg,Phthanoperidinium geminatum,phthanoperidinium,,2
image525.jpg,Lingulodinium machaerophorum,lingulodinium,,62
image526.jpg,Licracysta semicirculata,licracysta,,36
image527.jpg,Dinopterygium cf. cladoides Morgenroth 1966,dinopterygium,,20
image528.jpg,Cleistosphaeridium placacanthum?,cleistosphaeridium,,11
image529.jpg,Dapsilidinium pseudocolligerum,dapsilidinium,,32
image530.jpg,Trilites sp.,trilites,,96
image531.jpg,Deflandrea sp.b Powell 1986a,deflandrea,,4
image532.jpg,Svalbardella cooksoniae,svalbardella,cooksoniae,8
image533.jpg,Achomosphaera alcicornu,achomosphaera,,43
image534.jpg,Dinopterygium cf. cladoides Morgenroth 1966,dinopterygium,,20
image535.jpg,Palaeocystodinium golzowense,palaeocystodinium,,0
image536.jpg,Inaperturopollenites hiatus,inaperturopollenites,hiatus,3
image537.jpg,Operculodinium centrocarpum,operculodinium,,47
image538.jpg,Phthanoperidinium amoneum,phthanoperidinium,,2
image539.jpg,Achomosphaera ramulifera,achomosphaera,,43
image540.jpg,Dapsilidinium pseudocolligerum,dapsilidinium,,32
image541.jpg,Licracysta semicirculata,licracysta,,36
image542.jpg,Deflandrea phosphoritica,deflandrea,,4
image543.jpg,Enneadocysta arcuata,enneadocysta,,25
image544.jpg,Pyxilla sp. (diatom),pyxilla,,54
image545.jpg,Sequoiaspollenites sp.,sequoiapollenites,,65
image546.jpg,Reticulatosphaera actinocoronatum,reticulatosphaera,,34
image547.jpg,Phthanoperidinium amoenum,phthanoperidinium,,2
image548.jpg,Spinifiertes twistringiensis,spiniferites,,7
image549.jpg,Distatodinium ellipticum,distatodinium,,33
image550.jpg,Impagidinium velorum,impagidinium,,63
image551.jpg,Cordosphaeridium cantharellus (frag),cordosphaeridium,,23
image552.jpg,Cleistosphaeridium placacanthum,cleistosphaeridium,,11
image553.jpg,Cordosphaeridium cantharellus (frag),cordosphaeridium,,23
image554.jpg,Hystrichostrogylon membraniphorum,hystrichostrogylon,,55
image555.jpg,Cleistosphaeridium placacanthum,cleistosphaeridium,,11
image556.jpg,Cleistosphaeridium placacanthum (operculum),cleistosphaeridium,,11
image557.jpg,Minisphaeridium latirictum,minisphaeridium,,28
image558.jpg,Apteodinium australiense,apteodinium,,45
image559.jpg,bisaccate pollen,bisaccate,,13
image560.jpg,Minisphaeridium latirictum,minisphaeridium,,28
image561.jpg,Deflandrea phosphoritica,deflandrea,,4
image562.jpg,Minisphaeridium latirictum,minisphaeridium,,28
image563.jpg,Areosphaeridium diktyoplokum,areosphaeridium,,10
image564.jpg,Microthallites sp.,microthallites,,50
image565.jpg,Nematosphaeropsis sp.,nematosphaeropsis,,53
image566.jpg,Phthanoperidinium multispinum?,phthanoperidinium,,2
image567.jpg,Odontochitina costata Ooperculum),odontochitina,,30
image568.jpg,Odontochitina costata,odontochitina,,30
image569.jpg,Oligosphaeridium pulcherrimum,oligosphaeridium,,68
image570.jpg,Dinopterygium cf. cladoides Morgenroth 1966,dinopterygium,,20
image571.jpg,Palaeohystrichophora infusorioides,palaeohystrichophora,,58
image572.jpg,Achomosphaera regiensis,achomosphaera,,43
image573.jpg,Achomosphaera regiensis,achomosphaera,,43
image574.jpg,Spiniferites ramosus ramosus,spiniferites,,7
image575.jpg,Palaeocystodinium golzowense,palaeocystodinium,,0
image576.jpg,Hystrichokolpoma rigaudiae,hystrichokolpoma,,17
image577.jpg,Palaeocystodinium golzowense,palaeocystodinium,,0
image578.jpg,Botryococcus,botryococcus,,81
image579.jpg,acanthomorph acritarch,acanthomorph,,122
image580.jpg,Barssidinium evangelineae,barssidinium,,40
image581.jpg,Palaeocystodinium miocaenicum (frag),palaeocystodinium,,0
image582.jpg,Palaeocystodinium minor,palaeocystodinium,,0
image583.jpg,Microthallites sp.,microthallites,,50
image584.jpg,Deflandrea phosphoritica,deflandrea,,4
image585.jpg,Palaeocystodinium golzowense,palaeocystodinium,,0
image586.jpg,Barssidinium evangelineae,barssidinium,,40
image587.jpg,Barssidinium evangelineae,barssidinium,,40
image588.jpg,Barssidinium evangelineae,barssidinium,,40
image589.jpg,Barssidinium evangelineae,barssidinium,,40
image590.jpg,Deflandrea phosphoritica,deflandrea,,4
image591.jpg,Pluricellaesporites sp. (fungi),pluricellaesporites,,87
image592.jpg,Palaeocystodinium miocaenicum,palaeocystodinium,,0
image593.jpg,Barssidinium evangelineae,barssidinium,,40
image594.jpg,Impagidinium solidum,impagidinium,,63
image595.jpg,Microthallites sp.,microthallites,,50
image596.jpg,Pyxidiniosis tuberculata?,pyxidiniopsis,,74
image597.jpg,Deflandrea phosphoritica,deflandrea,,4
image598.jpg,Palaeocystodinium miocaenicum,palaeocystodinium,,0
image599.jpg,Palaeocystodinium kareniae,palaeocystodinium,,0
image600.jpg,Barssidinium evangelineae,barssidinium,,40
image601.jpg,Palaeocystodinium miocaenicum,palaeocystodinium,,0
image602.jpg,Mougeotia laetevirens,mougeotia,,117
image603.jpg,Palaeocystodinium miocaenicum,palaeocystodinium,,0
image604.jpg,Cousteaudinium aubryae gonoperforatum,cousteaudinium,,115
image605.jpg,Lingulodinium machaerophorum?,lingulodinium,,62
image606.jpg,Palaeocystodinium golzowense,palaeocystodinium,,0
image607.jpg,Pyxidiniopsis braboi/?reticulata,pyxidiniopsis,,74
image608.jpg,Axiodinium augustum,axiodinium,,24
image609.jpg,Pterospermella sp.,pterospermella,,73
image610.jpg,blade shaped palynomaceral-4,blade,,82
image611.jpg,Lentinia serrata,lentinia,,108
image612.jpg,Leiosphaeridia (large),leiosphaeridia,,48
image613.jpg,Inaperturopollenites hiatus,inaperturopollenites,hiatus,3
image614.jpg,Caryapollenites simplex,caryapollenites,,31
image615.jpg,Caryapollenites simplex,caryapollenites,,31
image616.jpg,Axiodinium augustum,axiodinium,,24
image617.jpg,Caryapollenites simplex,caryapollenites,,31
image618.jpg,Caryapollenites veripites,caryapollenites,,31
image619.jpg,Caryapollenites veripites,caryapollenites,,31
image620.jpg,Axiodinium augustum,axiodinium,,24
image621.jpg,Pterospermella sp.,pterospermella,,73
image622.jpg,Leiosphaeridia (large),leiosphaeridia,,48
image623.jpg,Glaphyrocysta,glaphyrocysta,,12
image624.jpg,Inaperturopollenites hiatus,inaperturopollenites,hiatus,3
image625.jpg,Perinopollenites elatoides,perinopollenites,,56
image626.jpg,Apectodinium homomorphum,apectodinium,,70
image627.jpg,Caryapollenites imparilis,caryapollenites,,31
image628.jpg,Inaperturopollenites hiatus,inaperturopollenites,hiatus,3
image629.jpg,Inaperturopollenites hiatus,inaperturopollenites,hiatus,3
image630.jpg,Inaperturopollenites hiatus (w/ligula),inaperturopollenites,hiatus,3
image631.jpg,Sequoiapollenites sp.,sequoiapollenites,,65
image632.jpg,Subtilisphaera sp.A,subtilisphaera,,15
image633.jpg,Caryapollenites veripites,caryapollenites,,31
image634.jpg,Compositoipollenites rhizophorus rhizophorus,compositoipollenites,,71
image635.jpg,Triatriopollenites triangulus-subtriangulus,triatriopollenites,,51
image636.jpg,Caryapollenites imparilis,caryapollenites,,31
image637.jpg,Inaperturopollenites hiatus,inaperturopollenites,hiatus,3
image638.jpg,Inaperturopollenites hiatus,inaperturopollenites,hiatus,3
image639.jpg,Tiliaepollenites ceciliensis?,tiliaepollenites,,61
image640.jpg,Triatriopollenites triangulus-subtriangulus,triatriopollenites,,51
image641.jpg,Triatriopollenites triangulus-subtriangulus,triatriopollenites,,51
image642.jpg,Compositoipollenites rhizophorus rhizophorus,compositoipollenites,,71
image643.jpg,Inaperturopollenites hiatus (w/ligula),inaperturopollenites,hiatus,3
image644.jpg,Laevigatosporites sp.,laevigatosporites,,77
image645.jpg,Inaperturopollenites hiatus (w/ligula),inaperturopollenites,hiatus,3
image646.jpg,Axiodinium augustum,axiodinium,,24
image647.jpg,Inaperturopollenites hiatus,inaperturopollenites,hiatus,3
image648.jpg,Leiosphaeridia sp.,leiosphaeridia,,48
image649.jpg,Sequoiapollenites sp.,sequoiapollenites,,65
image650.jpg,Inaperturopollenites hiatus,inaperturopollenites,hiatus,3
image651.jpg,Caryapollenites veripites,caryapollenites,,31
image652.jpg,Inaperturopollenites hiatus (w/ligula),inaperturopollenites,hiatus,3
image653.jpg,Triatriopollenites triangulus-subtriangulus,triatriopollenites,,51
image654.jpg,Axiodinium augustum,axiodinium,,24
image655.jpg,Axiodinium augustum,axiodinium,,24
image656.jpg,Glaphycrocysta sp.,glaphyrocysta,,12
image657.jpg,Axiodinium augustum,axiodinium,,24
image658.jpg,Axiodinium augustum,axiodinium,,24
image659.jpg,Axiodinium augustum,axiodinium,,24
image660.jpg,Subtilisphaera sp.A,subtilisphaera,,15
image661.jpg,Cordosphaeridium inodes,cordosphaeridium,,23
image662.jpg,Apectodinium paniculatum,apectodinium,,70
image663.jpg,Axiodinium augustum,axiodinium,,24
image664.jpg,Axiodinium augustum,axiodinium,,24
image665.jpg,Axiodinium augustum (frag),axiodinium,,24
image666.jpg,Heteraulacacysta porosa,heteraulacacysta,,29
image667.jpg,Areoligera gippingensis,areoligera,,1
image668.jpg,Palaeoperidinium pyrophorum,palaeoperidinium,,5
image669.jpg,Areoligera gippingensis,areoligera,,1
image670.jpg,Palaeoperidinium pyrophorum,palaeoperidinium,,5
image671.jpg,Areoligera gippingensis,areoligera,,1
image672.jpg,Areoligera gippingensis,areoligera,,1
image673.jpg,Areoligera gippingensis,areoligera,,1
image674.jpg,Areoligera gippingensis,areoligera,,1
image675.jpg,Areoligera gippingensis,areoligera,,1
image676.jpg,Areoligera gippingensis (operculum),areoligera,,1
image677.jpg,Isabelidinium viborgense,isabelidinium,viborgense,16
image678.jpg,Areoligera gippingensis,areoligera,,1
image679.jpg,Areoligera gippingensis (operculum),areoligera,,1
image680.jpg,Areoligera gippingensis (operculum),areoligera,,1
image681.jpg,Hystrichosphaeridium tubiferum tubiferum,hystrichosphaeridium,,18
image682.jpg,Areoligera gippingensis,areoligera,,1
image683.jpg,Areoligera gippingensis (operculum),areoligera,,1
image684.jpg,Palaeocystodinium bulliforme (frag),palaeocystodinium,,0
image685.jpg,Palaeoperidinium pyrophorum,palaeoperidinium,,5
image686.jpg,Areoligera gippingensis,areoligera,,1
image687.jpg,Areoligera gippingensis,areoligera,,1
image688.jpg,Isabelidinium viborgense,isabelidinium,viborgense,16
image689.jpg,Cordosphaeridium gracile (frag),cordosphaeridium,,23
image690.jpg,Areoligera gippingensis,areoligera,,1
image691.jpg,Alisocysta margarita (apical),alisocysta,margarita,14
image692.jpg,Caryapollenites veripites,caryapollenites,,31
image693.jpg,Cerodinium speciosum,cerodinium,,21
image694.jpg,Isabelidinium viborgense,isabelidinium,viborgense,16
image695.jpg,Isabelidinium viborgense,isabelidinium,viborgense,16
image696.jpg,Isabelidinium viborgense?,isabelidinium,viborgense,16
image697.jpg,Impagidinium obscurum,impagidinium,,63
image698.jpg,Areoligera gippingensis,areoligera,,1
image699.jpg,Isabelidinium viborgense,isabelidinium,viborgense,16
image700.jpg,Isabelidinium viborgense?,isabelidinium,viborgense,16
image701.jpg,Palaeocystodinium bulliforme (frag),palaeocystodinium,,0
image702.jpg,Palaeocystodinium bulliforme (frag),palaeocystodinium,,0
image703.jpg,Palaeocystodinium bulliforme (frag),palaeocystodinium,,0
image704.jpg,Areoligera gippingensis,areoligera,,1
image705.jpg,Cordosphaeridium gracile (frag),cordosphaeridium,,23
image706.jpg,Tanyosphaeridium xanthopyxides,tanyosphaeridium,,93
image707.jpg,Areoligera gippingensis,areoligera,,1
image708.jpg,Areoligera gippingensis,areoligera,,1
image709.jpg,Areoligera gippingensis,areoligera,,1
image710.jpg,Isabelidinium viborgense,isabelidinium,viborgense,16
image711.jpg,Isabelidinium viborgense,isabelidinium,viborgense,16
image712.jpg,Paralecaniella indentata,paralecaniella,,76
image713.jpg,Isabelidinium viborgense,isabelidinium,viborgense,16
image714.jpg,Isabelidinium viborgense,isabelidinium,viborgense,16
image715.jpg,Isabelidinium viborgense,isabelidinium,viborgense,16
image716.jpg,Microdinium sp.,microdinium,,101
image717.jpg,Hystrichosphaeridium tubiferum tubiferum,hystrichosphaeridium,,18
image718.jpg,Areoligera gippingensis,areoligera,,1
image719.jpg,Areoligera gippingensis,areoligera,,1
image720.jpg,Palaeocystodinium bulliforme,palaeocystodinium,,0
image721.jpg,Isabelidinium viborgense,isabelidinium,viborgense,16
image722.jpg,Isabelidinium viborgense,isabelidinium,viborgense,16
image723.jpg,Areoligera gippingensis,areoligera,,1
image724.jpg,Hystrichosphaeridium tubiferum tubiferum,hystrichosphaeridium,,18
image725.jpg,Areoligera gippingensis,areoligera,,1
image726.jpg,Areoligera gippingensis,areoligera,,1
image727.jpg,Palaeocystodinium bulliforme (frag),palaeocystodinium,,0
image728.jpg,Hystrichosphaeridium tubiferum tubiferum,hystrichosphaeridium,,18
image729.jpg,Hystrichosphaeridium tubiferum tubiferum,hystrichosphaeridium,,18
image730.jpg,Palaeocystodinium bulliforme (frag),palaeocystodinium,,0
image731.jpg,Cordosphaeridium gracile,cordosphaeridium,,23
image732.jpg,Hystrichosphaeridium tubiferum tubiferum,hystrichosphaeridium,,18
image733.jpg,Hystrichosphaeridium tubiferum tubiferum,hystrichosphaeridium,,18
image734.jpg,Hystrichosphaeridium tubiferum tubiferum,hystrichosphaeridium,,18
image735.jpg,Hystrichosphaeridium tubiferum tubiferum,hystrichosphaeridium,,18
image736.jpg,Hystrichosphaeridium tubiferum tubiferum,hystrichosphaeridium,,18
image737.jpg,Areoligera gippingensis (operculum),areoligera,,1
image738.jpg,Hystrichosphaeridium tubiferum tubiferum,hystrichosphaeridium,,18
image739.jpg,Areoligera gippingensis,areoligera,,1
image740.jpg,Isabelidinium viborgense,isabelidinium,viborgense,16
image741.jpg,Isabelidinium viborgense,isabelidinium,viborgense,16
image742.jpg,Isabelidinium viborgense,isabelidinium,viborgense,16
image743.jpg,Cleistosphaeridium sp.,cleistosphaeridium,,11
image744.jpg,Enneadocysta arcuata,enneadocysta,,25
image745.jpg,Stephanopyxis grunowii (diatom),stephanopyxis,,22
image746.jpg,Deflandrea phosphoritica,deflandrea,,4
image747.jpg,Phthanoperidinium comatum,phthanoperidinium,,2
image748.jpg,Cleistosphaeridium placacanthum (operculum),cleistosphaeridium,,11
image749.jpg,Enneadocysta arcuata,enneadocysta,,25
image750.jpg,Minisphaeridium latirictum,minisphaeridium,,28
image751.jpg,Cleistosphaeridium sp.,cleistosphaeridium,,11
image752.jpg,Minisphaeridium latirictum,minisphaeridium,,28
image753.jpg,Wetzeliella gochtii?,wetzeliella,,9
image754.jpg,Hystrichokolpoma sp.,hystrichokolpoma,,17
image755.jpg,Areosphaeridium michoudii,areosphaeridium,,10
image756.jpg,Enneadocysta arcuata,enneadocysta,,25
image757.jpg,Nematosphaeropsis labyrinthus?,nematosphaeropsis,,53
image758.jpg,Cyathidites minor,cyathidites,,113
image759.jpg,Cleistosphaeridium sp.,cleistosphaeridium,,11
image760.jpg,Stephanopyxis sp? (diatom),stephanopyxis,,22
image761.jpg,Dinopterygium cf. cladoides Morgenroth 1966,dinopterygium,,20
image762.jpg,Dinopterygium cf. cladoides Morgenroth 1966,dinopterygium,,20
image763.jpg,Phthanoperidinium comatum,phthanoperidinium,,2
image764.jpg,Melitasphaeridium asterium,melitasphaeridium,,64
image765.jpg,Phthanoperidinium comatum?,phthanoperidinium,,2
image766.jpg,Deflandrea heterophlycta,deflandrea,,4
image767.jpg,Areosphaeridium diktyoplokum (operculum),areosphaeridium,,10
image768.jpg,Deflandrea heterophlycta,deflandrea,,4
image769.jpg,Spiniferites pseudofurcatus,spiniferites,,7
image770.jpg,Dapsilidinium pseudocolligerum,dapsilidinium,,32
image771.jpg,Apteodinium australiense,apteodinium,,45
image772.jpg,Wetzeliella symmetrica,wetzeliella,,9
image773.jpg,Minisphaeridium latirictum,minisphaeridium,,28
image774.jpg,Cleistosphaeridium sp.,cleistosphaeridium,,11
image775.jpg,Dinopterygium cf. cladoides Morgenroth 1966,dinopterygium,,20
image776.jpg,Nematosphaeropsis sp.,nematosphaeropsis,,53
image777.jpg,Cleistosphaeridium sp.,cleistosphaeridium,,11
image778.jpg,Melitasphaeridium asterium,melitasphaeridium,,64
image779.jpg,Deflandrea oebisfeldensis ovalis,deflandrea,,4
image780.jpg,Cleistosphaeridium sp.,cleistosphaeridium,,11
image781.jpg,Enneadocysta arcuata,enneadocysta,,25
image782.jpg,Cleistosphaeridium sp.,cleistosphaeridium,,11
image783.jpg,Apteodinium australiense,apteodinium,,45
image784.jpg,Cerebrocysta bartonensis,cerebrocysta,,69
image785.jpg,Areosphaeridium diktyoplokum (operculum),areosphaeridium,,10
image786.jpg,Hystrichokolpoma rigaudiae,hystrichokolpoma,,17
image787.jpg,Spiniferites manumii,spiniferites,,7
image788.jpg,Dinopterygium cf. cladoides Morgenroth 1966,dinopterygium,,20
image789.jpg,Phthanoperidinium comatum,phthanoperidinium,,2
image790.jpg,Operculodinium eisenackii,operculodinium,,47
image791.jpg,Phthanoperidinium amoenum,phthanoperidinium,,2
image792.jpg,Cordosphaeridium gracile,cordosphaeridium,,23
image793.jpg,Phthanoperidinium amoenum,phthanoperidinium,,2
image794.jpg,Distatodinium tenerum,distatodinium,,33
image795.jpg,Raphidodinium fucatum,raphidodinium,,39
image796.jpg,Deflandrea phosphoritica,deflandrea,,4
image797.jpg,Microthallites sp.,microthallites,,50
image798.jpg,Svalbardella clausii,svalbardella,clausii,8
image799.jpg,Wetzeliella gochtii?,wetzeliella,,9
image800.jpg,Wetzeliella sp.,wetzeliella,,9
image801.jpg,Licracysta semicirculata?,licracysta,,36
image802.jpg,fungal hyphae,fungal,,103
image803.jpg,Licracysta semicirculata?,licracysta,,36
image804.jpg,Chiropteridium galea?,chiropteridium,,59
image805.jpg,Deflandrea phosphoritica,deflandrea,,4
image806.jpg,Rhombodinium draco,rhombodinium,,46
image807.jpg,Deflandrea phosphoritica (frag),deflandrea,,4
image808.jpg,Palaeoperidinium pyrophorum,palaeoperidinium,,5
image809.jpg,Svalbardella clausii?,svalbardella,clausii,8
image810.jpg,bisaccate pollen,bisaccate,,13
image811.jpg,Chiropteridium sp.,chiropteridium,,59
image812.jpg,Deflandrea phosphoritica,deflandrea,,4
image813.jpg,Palaeocystodinium golzowense,palaeocystodinium,,0
image814.jpg,Deflandrea phosphoritica,deflandrea,,4
image815.jpg,Palaeocystodinium miocaenicum,palaeocystodinium,,0
image816.jpg,Palaeocystodinium golzowense (frag),palaeocystodinium,,0
image817.jpg,Svalbardella kareniae?,svalbardella,kareniae,8
image818.jpg,Deflandrea phosphoritica,deflandrea,,4
image819.jpg,Inaperturopollenites hiatus,inaperturopollenites,hiatus,3
image820.jpg,Inaperturopollenites hiatus,inaperturopollenites,hiatus,3
image821.jpg,Inaperturopollenites hiatus,inaperturopollenites,hiatus,3
image822.jpg,Palaeocystodinium golzowense,palaeocystodinium,,0
image823.jpg,bisaccate pollen,bisaccate,,13
image824.jpg,bisaccate pollen,bisaccate,,13
image825.jpg,bisaccate pollen,bisaccate,,13
image826.jpg,bisaccate pollen,bisaccate,,13
image827.jpg,bisaccate pollen,bisaccate,,13
image828.jpg,Wetzeliella sp. (frag),wetzeliella,,9
image829.jpg,Licracysta semicirculata?,licracysta,,36
image830.jpg,Dinopterygium cf. cladoides Morgenroth 1966,dinopterygium,,20
image831.jpg,Spiniferites twistringiensis (frag),spiniferites,,7
image832.jpg,Deflandrea phosphoritica,deflandrea,,4
image833.jpg,Dracodinium simile?,dracodinium,,52
image834.jpg,bisaccate pollen,bisaccate,,13
image835.jpg,Rhombodinium draco,rhombodinium,,46
image836.jpg,Tiliaepollenites microreticulatus (frag),tiliaepollenites,,61
image837.jpg,Inaperturopollenites hiatus,inaperturopollenites,hiatus,3
image838.jpg,Deflandrea phosphoritica,deflandrea,,4
image839.jpg,Hystrichokolpoma rigaudiae,hystrichokolpoma,,17
image840.jpg,Deflandrea oebisfeldensis (frag),deflandrea,,4
image841.jpg,Deflandrea phosphoritica,deflandrea,,4
image842.jpg,Inaperturopollenites hiatus,inaperturopollenites,hiatus,3
image843.jpg,Rhombodinium draco,rhombodinium,,46
image844.jpg,Deflandrea phosphoritica,deflandrea,,4
image845.jpg,Rhombodinium draco?,rhombodinium,,46
image846.jpg,Wetzeliella symmetrica,wetzeliella,,9
image847.jpg,bisaccate pollen,bisaccate,,13
image848.jpg,Wetzeliella sp.,wetzeliella,,9
image849.jpg,Dapsilidinium pseudocolligerum (lateral),dapsilidinium,,32
image850.jpg,Caligodinium sp.,caligodinium,,38
image851.jpg,Deflandrea heterophlycta,deflandrea,,4
image852.jpg,Distatodinium sp.,distatodinium,,33
image853.jpg,Deflandrea phosphoritica,deflandrea,,4
image854.jpg,Wetzeliella symmetrica,wetzeliella,,9
image855.jpg,Phthanoperidinium comatum,phthanoperidinium,,2
image856.jpg,Phthanoperidinium comatum,phthanoperidinium,,2
image857.jpg,Thalassiphora pelagica,thalassiphora,,27
image858.jpg,Phthanoperidinium comatum,phthanoperidinium,,2
image859.jpg,Distatodinium sp.,distatodinium,,33
image860.jpg,Phthanoperidinium comatum,phthanoperidinium,,2
image861.jpg,Svalbardella cooksoniae? (frag),svalbardella,cooksoniae,8
image862.jpg,Thalassiphora pelagica,thalassiphora,,27
image863.jpg,Svalbardella cooksoniae,svalbardella,cooksoniae,8
image864.jpg,Svalbardella cooksoniae? (frag),svalbardella,cooksoniae,8
image865.jpg,Svalbardella cooksoniae,svalbardella,cooksoniae,8
image866.jpg,Deflandrea phosphoritica,deflandrea,,4
image867.jpg,Svalbardella cooksoniae?,svalbardella,cooksoniae,8
image868.jpg,Deflandrea heterophlycta,deflandrea,,4
image869.jpg,Hystrichokolpoma rigaudiae,hystrichokolpoma,,17
image870.jpg,Hystrichokoloma rigaudiae,hystrichokolpoma,,17
image871.jpg,Deflandrea phosphoritica,deflandrea,,4
image872.jpg,Hystrichokolpoma rigaudiae (apical?),hystrichokolpoma,,17
image873.jpg,Licracysta semicirculata,licracysta,,36
image874.jpg,Spiniferites manumii,spiniferites,,7
image875.jpg,Spiniferites manumii,spiniferites,,7
image876.jpg,Hystrichokolpoma sp.,hystrichokolpoma,,17
image877.jpg,Hystrichokolpoma sp.,hystrichokolpoma,,17
image878.jpg,Caligodinium amiculum,caligodinium,,38
image879.jpg,Spiniferites manumii,spiniferites,,7
image880.jpg,Reticulatosphaera actinocoronata,reticulatosphaera,,34
image881.jpg,Reticulatosphaera actinocoronata,reticulatosphaera,,34
image882.jpg,Spiniferites pseudofurcatus,spiniferites,,7
image883.jpg,Licracysta semicirculata,licracysta,,36
image884.jpg,Caligodinium aceras,caligodinium,,38
image885.jpg,Dapsilidinium pseudocolligerum,dapsilidinium,,32
image886.jpg,Spiniferites manumii,spiniferites,,7
image887.jpg,Wetzeliella sp.,wetzeliella,,9
image888.jpg,Wetzeliella sp.,wetzeliella,,9
image889.jpg,Caligodinium amiculum,caligodinium,,38
image890.jpg,Areosphaeridium dictyoplokum,areosphaeridium,,10
image891.jpg,Palaeoperidinium pyrophorum,palaeoperidinium,,5
image892.jpg,Heterosphaeridium bellii (frag),heterosphaeridium,,49
image893.jpg,Odontochitina porifera (operculum),odontochitina,,30
image894.jpg,Palaeoglenodinium cretaceum (frag),palaeoglenodinium,,119
image895.jpg,Odontochitina porifera (operculum),odontochitina,,30
image896.jpg,Heterosphaeridium bellii,heterosphaeridium,,49
image897.jpg,Laciniadinium firmum,laciniadinium,,60
image898.jpg,Raphidodinium fucatum,raphidodinium,,39
image899.jpg,Oligosphaeridium complex,oligosphaeridium,,68
image900.jpg,Alterbidinium ioannidesii (frag),alterbidinium,,67
image901.jpg,Alterbidinium ioannidesii (frag),alterbidinium,,67
image902.jpg,Raphidodinium fucatum,raphidodinium,,39
image903.jpg,Trithyrodinium suspectum,trithyrodinium,,37
image904.jpg,Odontochitina porifera (operculum),odontochitina,,30
image905.jpg,Odontochitina costata (operculum),odontochitina,,30
image906.jpg,Chlamydophorella nyei,chlamydophorella,,121
image907.jpg,Trithyrodinium suspectum,trithyrodinium,,37
image908.jpg,Heterosphaeridium bellii,heterosphaeridium,,49
image909.jpg,Palambages sp.,palambages,,44
image910.jpg,Trithyrodinium zakkii,trithyrodinium,,37
image911.jpg,Chatangiella bondarenkoi (frag),chatangiella,,26
image912.jpg,Chatangiella niiga,chatangiella,,26
image913.jpg,Odontochitina porifera (operculum),odontochitina,,30
image914.jpg,Laciniadinium firmum,laciniadinium,,60
image915.jpg,Exochosphaeridium phragmites,exochosphaeridium,,112
image916.jpg,Circulodinium distinctum,circulodinium,,57
image917.jpg,Palaeoperidinium pyrophorum (frag),palaeoperidinium,,5
image918.jpg,Alterbidinium ioannidesii,alterbidinium,,67
image919.jpg,Phthanoperidinium amoenum,phthanoperidinium,,2
image920.jpg,Chiropteridium galea,chiropteridium,,59
image921.jpg,Spiniferites manumii,spiniferites,,7
image922.jpg,Spiniferites manumii,spiniferites,,7
image923.jpg,Thalassiphora sp.,thalassiphora,,27
image924.jpg,Stephanopyxis sp. (diatom),stephanopyxis,,22
image925.jpg,radiolaria,radiolaria,,80
image926.jpg,Palaeocystodinium golzowense (frag),palaeocystodinium,,0
image927.jpg,Palaeocystodinium golzowense (frag),palaeocystodinium,,0
image928.jpg,Operculodinium centrocarpum,operculodinium,,47
image929.jpg,Operculodinium centrocarpum,operculodinium,,47
image930.jpg,Hystrichokolpoma cinctum?,hystrichokolpoma,,17
image931.jpg,Palaeocystodinium golzowense (frag),palaeocystodinium,,0
image932.jpg,Palaeocystodinium golzowense,palaeocystodinium,,0
image933.jpg,Hystrichokolpoma rigaudiae?,hystrichokolpoma,,17
image934.jpg,Hystrichokolpoma rigaudiae?,hystrichokolpoma,,17
image935.jpg,Palaeocystodinium golzowense,palaeocystodinium,,0
image936.jpg,Apteodinium australiense,apteodinium,,45
image937.jpg,Hystrichokoloma sp.,hystrichokolpoma,,17
image938.jpg,Melitasphaeridium choanophorum?,melitasphaeridium,,64
image939.jpg,Palaeocystodinium golzowense (frag),palaeocystodinium,,0
image940.jpg,Microthyriacites sp?,microthyriacites,,111
image941.jpg,Homotryblium floripes breviradiatum,homotryblium,,66
image942.jpg,chorate,chorate,,120
image943.jpg,Nematosphaeropsis sp.,nematosphaeropsis,,53
image944.jpg,Hystrichokolpoma rigaudiae?,hystrichokolpoma,,17
image945.jpg,Impletosphaeridium sp.,impletosphaeridium,,106
image946.jpg,Phragmothyrites sp.,phragmothyrites,,100
image947.jpg,Reticulatosphaera actinocoronata?,reticulatosphaera,,34
image948.jpg,Apteodinium sp?,apteodinium,,45
image949.jpg,Hystrichokolpoma rigaudiae?,hystrichokolpoma,,17
image950.jpg,Palaeocystodinium golzowense,palaeocystodinium,,0
image951.jpg,Perinopollenites elatoides,perinopollenites,,56
image952.jpg,Reticulatosphaera actinocoronata?,reticulatosphaera,,34
image953.jpg,Palaeocystodinium minor,palaeocystodinium,,0
image954.jpg,Palaeocystodinium minor,palaeocystodinium,,0
image955.jpg,Operculodinium sp?,operculodinium,,47
image956.jpg,Pentadinium laticinctum laticinctum?,pentadinium,,99
image957.jpg,HYstrichokolpoma sp?,hystrichokolpoma,,17
image958.jpg,Hystrichokolpoma rigaudiae,hystrichokolpoma,,17
image959.jpg,Palaeocystodinium golzowense (frag),palaeocystodinium,,0
image960.jpg,Palaeocystodinium golzowense,palaeocystodinium,,0
image961.jpg,Palaeocystodinium golzowense,palaeocystodinium,,0
image962.jpg,Homotryblium tenuispinosum?,homotryblium,,66
image963.jpg,Reticulatosphaera actinocoronata,reticulatosphaera,,34
image964.jpg,Palaeocystodinium minor?,palaeocystodinium,,0
image965.jpg,Paucilobiomorpha triradiata,paucilobiomorpha,,75
image966.jpg,Cerodinium speciosum,cerodinium,,21
image967.jpg,Palaeocystodinium bulliforme (frag),palaeocystodinium,,0
image968.jpg,Palaeocystodinium bulliforme (frag),palaeocystodinium,,0
image969.jpg,Cerodinium speciosum,cerodinium,,21
image970.jpg,Hystrichosphaeridium tubiferum tubiferum,hystrichosphaeridium,,18
image971.jpg,Cerodinium speciosum,cerodinium,,21
image972.jpg,Isabelidinium viborgense,isabelidinium,viborgense,16
image973.jpg,Hystrichosphaeridium tubiferum tubiferum,hystrichosphaeridium,,18
image974.jpg,Cerodinium sp.,cerodinium,,21
image975.jpg,Cerodinium speciosum,cerodinium,,21
image976.jpg,Palaeocystodinium bulliforme (frag),palaeocystodinium,,0
image977.jpg,Hystrichosphaeridium tubiferum tubiferum,hystrichosphaeridium,,18
image978.jpg,Isabelidinium viborgense,isabelidinium,viborgense,16
image979.jpg,Thalassiphora delicata,thalassiphora,,27
image980.jpg,Palaeocystodinium bulliforme (frag),palaeocystodinium,,0
image981.jpg,Isabelidinium viborgense,isabelidinium,viborgense,16
image982.jpg,Palaeocystodinium bulliforme (frag),palaeocystodinium,,0
image983.jpg,Cerodinium speciosum,cerodinium,,21
image984.jpg,Hystrichosphaeridium tubiferum tubiferum,hystrichosphaeridium,,18
image985.jpg,Hystrichosphaeridium tubiferum tubiferum,hystrichosphaeridium,,18
image986.jpg,Palaeocystodinium bulliforme,palaeocystodinium,,0
image987.jpg,Palaeocystodinium bulliforme (frag),palaeocystodinium,,0
image988.jpg,Palaeocystodinium bulliforme (frag),palaeocystodinium,,0
image989.jpg,Cerodinium speciosum,cerodinium,,21
image990.jpg,Cerodinium speciosum,cerodinium,,21
image991.jpg,Palaeocystodinium bulliforme (frag),palaeocystodinium,,0
image992.jpg,Palaeocystodinium bulliforme (frag),palaeocystodinium,,0
image993.jpg,Palambages sp.,palambages,,44
image994.jpg,Palaeocystodinium bulliforme (frag),palaeocystodinium,,0
image995.jpg,Cerodinium sp.,cerodinium,,21
image996.jpg,Palaeocystodinium bulliforme (frag),palaeocystodinium,,0
image997.jpg,Palaeocystodinium bulliforme (frag),palaeocystodinium,,0
image998.jpg,Palambages sp.,palambages,,44
image999.jpg,Palambages sp.,palambages,,44
image1000.jpg,Spiniferites ramosus ramosus,spiniferites,,7
image1001.jpg,Hystrichosphaeridium tubiferum tubiferum,hystrichosphaeridium,,18
image1002.jpg,Cerodinium speciosum,cerodinium,,21
image1003.jpg,Palaeocystodinium bulliforme (frag),palaeocystodinium,,0
image1004.jpg,Palaeoperidinium pyrophorum,palaeoperidinium,,5
image1005.jpg,Palaeoperidinium pyrophorum,palaeoperidinium,,5
image1006.jpg,Cerodinium speciosum,cerodinium,,21
image1007.jpg,Palaeocystodinium bulliforme,palaeocystodinium,,0
image1008.jpg,Cerodinium speciosum,cerodinium,,21
image1009.jpg,Cerodinium speciosum,cerodinium,,21
image1010.jpg,Isabelidinium viborgense,isabelidinium,viborgense,16
image1011.jpg,Palaeocystodinium bulliforme (frag),palaeocystodinium,,0
image1012.jpg,Palaeocystodinium bulliforme (frag),palaeocystodinium,,0
image1013.jpg,Palaeocystodinium bulliforme (frag),palaeocystodinium,,0
image1014.jpg,Palaeocystodinium bulliforme (frag),palaeocystodinium,,0
image1015.jpg,Hystrichosphaeridium tubiferum tubiferum,hystrichosphaeridium,,18
image1016.jpg,Isabelidinium viborgense,isabelidinium,viborgense,16
image1017.jpg,Palaeocystodinium bulliforme,palaeocystodinium,,0
image1018.jpg,Palaeocystodinium bulliforme (frag),palaeocystodinium,,0
image1019.jpg,Leiosphaeridia (large),leiosphaeridia,,48
image1020.jpg,Cerodinium gracile,cerodinium,,21
image1021.jpg,Palaeocystodinium bulliforme (frag),palaeocystodinium,,0
image1022.jpg,Minisphaeridium latirictum,minisphaeridium,,28
image1023.jpg,Alisocysta margarita,alisocysta,margarita,14
image1024.jpg,Palaeocystodinium bulliforme (frag),palaeocystodinium,,0
image1025.jpg,Palaeocystodinium bulliforme (frag),palaeocystodinium,,0
image1026.jpg,Spiniferites membranispina,spiniferites,,7
image1027.jpg,Palaeocystodinium bulliforme (frag),palaeocystodinium,,0
image1028.jpg,Glaphyrocysta ordinata?,glaphyrocysta,,12
image1029.jpg,Cerodinium speciosum,cerodinium,,21
image1030.jpg,Palaeocystodinium bulliforme (frag),palaeocystodinium,,0
image1031.jpg,Palaeocystodinium bulliforme (frag),palaeocystodinium,,0
image1032.jpg,Palaeocystodinium bulliforme (frag),palaeocystodinium,,0
image1033.jpg,Palambages sp.,palambages,,44
image1034.jpg,Palaeocystodinium bulliforme (frag),palaeocystodinium,,0
image1035.jpg,Hystrichosphaeridium tubiferum tubiferum,hystrichosphaeridium,,18
image1036.jpg,Palaeocystodinium bulliforme (frag),palaeocystodinium,,0
image1037.jpg,Cerodinium speciosum,cerodinium,,21
image1038.jpg,Thalassiphora fenestrata?,thalassiphora,,27
image1039.jpg,Cleistosphaeridium placacanthum,cleistosphaeridium,,11
image1040.jpg,Dinopterygium cf. cladoides Morgenroth 1966,dinopterygium,,20
image1041.jpg,Paralecaniella indentata,paralecaniella,,76
image1042.jpg,Areosphaeridium diktyoplokum (operculum),areosphaeridium,,10
image1043.jpg,Areosphaeridium diktyoplokum (frag),areosphaeridium,,10
image1044.jpg,Areosphaeridium michoudii,areosphaeridium,,10
image1045.jpg,Corrudinium incompositum,corrudinium,,42
image1046.jpg,Wetzeliella symmetrica,wetzeliella,,9
image1047.jpg,Cribroperidinium sp.,cribroperidinium,,114
image1048.jpg,Corrudinium incompositum,corrudinium,,42
image1049.jpg,Areosphaeridium diktyoplokum,areosphaeridium,,10
image1050.jpg,Hystrichokolpoma rigaudiae,hystrichokolpoma,,17
image1051.jpg,Lingulodinium machaerophorum,lingulodinium,,62
image1052.jpg,Heteraulacacysta porosa,heteraulacacysta,,29
image1053.jpg,Hystrichosphaeropsis membraniphorum,hystrichosphaeropsis,,105
image1054.jpg,Wetzeliella sp.,wetzeliella,,9
image1055.jpg,Corrudinium incompositum,corrudinium,,42
image1056.jpg,Spiniferites ramosus granosus,spiniferites,,7
image1057.jpg,Thalassiphora pelagica,thalassiphora,,27
image1058.jpg,Wetzeliella gochtii,wetzeliella,,9
image1059.jpg,Areosphaeridium diktyoplokum (frag),areosphaeridium,,10
image1060.jpg,Areosphaeridium michoudii,areosphaeridium,,10
image1061.jpg,Simplicidinium insolitum,simplicidinium,,88
image1062.jpg,scolecodont,scolecodont,,83
image1063.jpg,Dinopterygium cf. cladoides Morgenroth 1966,dinopterygium,,20
image1064.jpg,Cordosphaeridium funiculatum (frag),cordosphaeridium,,23
image1065.jpg,Rhombodinium perforatum,rhombodinium,,46
image1066.jpg,Heteraulacacysta leptalea?,heteraulacacysta,,29
image1067.jpg,Dinopterygium cf. cladoides Morgenroth 1966,dinopterygium,,20
image1068.jpg,Spiniferella cornuta,spiniferella,,89
image1069.jpg,Wetzeliella symmetrica,wetzeliella,,9
image1070.jpg,Phthanoperidinium comatum,phthanoperidinium,,2
image1071.jpg,Phthanoperidinium comatum,phthanoperidinium,,2
image1072.jpg,Minisphaeridium latirictum,minisphaeridium,,28
image1073.jpg,Palaeoperidinium pyrophorum,palaeoperidinium,,5
image1074.jpg,Palaeoperidinium pyrophorum,palaeoperidinium,,5
image1075.jpg,Palaeoperidinium pyrophorum,palaeoperidinium,,5
image1076.jpg,Palaeoperidinium pyrophorum,palaeoperidinium,,5
image1077.jpg,Palaeoperidinium pyrophorum,palaeoperidinium,,5
image1078.jpg,Palaeoperidinium pyrophorum,palaeoperidinium,,5
image1079.jpg,Alisocysta margarita,alisocysta,margarita,14
image1080.jpg,Alisocysta margarita,alisocysta,margarita,14
image1081.jpg,Glaphyrocysta ordinata,glaphyrocysta,,12
image1082.jpg,Palaeoperidinium pyrophorum,palaeoperidinium,,5
image1083.jpg,Palaeoperidinium pyrophorum,palaeoperidinium,,5
image1084.jpg,Alisocysta margarita,alisocysta,margarita,14
image1085.jpg,Alisocysta margarita,alisocysta,margarita,14
image1086.jpg,Alisocysta margarita,alisocysta,margarita,14
image1087.jpg,Palaeoperidinium pyrophorum,palaeoperidinium,,5
image1088.jpg,Palaeoperidinium pyrophorum,palaeoperidinium,,5
image1089.jpg,Palaeoperidinium pyrophorum,palaeoperidinium,,5
image1090.jpg,Palaeoperidinium pyrophorum,palaeoperidinium,,5
image1091.jpg,Palaeoperidinium pyrophorum,palaeoperidinium,,5
image1092.jpg,Palaeoperidinium pyrophorum,palaeoperidinium,,5
image1093.jpg,Palaeoperidinium pyrophorum,palaeoperidinium,,5
image1094.jpg,Palaeoperidinium pyrophorum,palaeoperidinium,,5
image1095.jpg,Palaeoperidinium pyrophorum,palaeoperidinium,,5
image1096.jpg,Palaeoperidinium pyrophorum,palaeoperidinium,,5
image1097.jpg,Palaeoperidinium pyrophorum,palaeoperidinium,,5
image1098.jpg,Palaeoperidinium pyrophorum,palaeoperidinium,,5
image1099.jpg,Palaeoperidinium pyrophorum,palaeoperidinium,,5
image1100.jpg,Palaeoperidinium pyrophorum,palaeoperidinium,,5
image1101.jpg,Alisocysta margarita,alisocysta,margarita,14
image1102.jpg,Palaeoperidinium pyrophorum,palaeoperidinium,,5
image1103.jpg,Palaeoperidinium pyrophorum,palaeoperidinium,,5
image1104.jpg,Palaeoperidinium pyrophorum,palaeoperidinium,,5
image1105.jpg,Spiniferites rhomboideus,spiniferites,,7
image1106.jpg,Raphidodinium fucatum,raphidodinium,,39
image1107.jpg,bisaccate pollen,bisaccate,,13
image1108.jpg,Inaperturopollenites hiatus,inaperturopollenites,hiatus,3
image1109.jpg,bisaccate pollen,bisaccate,,13
image1110.jpg,bisaccate pollen,bisaccate,,13
image1111.jpg,bisaccate pollen,bisaccate,,13
image1112.jpg,Wetzeliella sp.,wetzeliella,,9
image1113.jpg,Triceratium sp. (diatom),triceratium,,95
image1114.jpg,Pyxilla sp. (diatom),pyxilla,,54
image1115.jpg,Pyxilla sp. (diatom),pyxilla,,54
image1116.jpg,Palaeocystodinium golzowense,palaeocystodinium,,0
image1117.jpg,bisaccate pollen,bisaccate,,13
image1118.jpg,Dapsilidinium pseudocolligerum?,dapsilidinium,,32
image1119.jpg,Stephanopyxis sp. (diatom),stephanopyxis,,22
image1120.jpg,Nannoceratopsis gracilis,nannoceratopsis,,35
image1121.jpg,bisaccate pollen,bisaccate,,13
image1122.jpg,Baculatiporites/Osmundacidites,baculatiporites/osmundacidites,,78
image1123.jpg,Perinopollenites elatoides,perinopollenites,,56
image1124.jpg,Perinopollenites elatoides,perinopollenites,,56
