,filename,annotation,firstname,label
724,image725.jpg,Areoligera gippingensis,areoligera,1
869,image870.jpg,Hystrichokoloma rigaudiae,hystrichokolpoma,17
68,image69.jpg,Azpeitia sp. (diatom),azpeitia,98
180,image181.jpg,Spiniferites manumii,spiniferites,7
8,image9.jpg,Inaperturopollenites hiatus,inaperturopollenites,3
759,image760.jpg,Stephanopyxis sp? (diatom),stephanopyxis,22
182,image183.jpg,Stephanopyxis grunowii (frag) (diatom),stephanopyxis,22
456,image457.jpg,Dracodinium varielongitudum?,dracodinium,52
37,image38.jpg,Svalbardella cooksoniae,svalbardella,8
1,image2.jpg,Phthanoperidinium distinctum,phthanoperidinium,2
790,image791.jpg,Phthanoperidinium amoenum,phthanoperidinium,2
247,image248.jpg,Eatonicysta ursulae,eatonicysta,6
816,image817.jpg,Svalbardella kareniae?,svalbardella,8
413,image414.jpg,Callimothallus sp. (frag),callimothallus,79
872,image873.jpg,Licracysta semicirculata,licracysta,36
91,image92.jpg,bisaccate pollen,bisaccate,13
73,image74.jpg,Deflandrea phosphoritica,deflandrea,4
118,image119.jpg,Spiniferites ramosus ramosus,spiniferites,7
248,image249.jpg,Areoligera cf. medusettiformis Williams & Downie 1966,areoligera,1
310,image311.jpg,Phthanoperidinium indistinctum,phthanoperidinium,2
422,image423.jpg,Azolla massulae,azolla,19
666,image667.jpg,Areoligera gippingensis,areoligera,1
702,image703.jpg,Palaeocystodinium bulliforme (frag),palaeocystodinium,0
690,image691.jpg,Alisocysta margarita (apical),alisocysta,14
573,image574.jpg,Spiniferites ramosus ramosus,spiniferites,7
512,image513.jpg,Phthanoperidinium amoneum,phthanoperidinium,2
487,image488.jpg,Cleistosphaeridium sp.,cleistosphaeridium,11
594,image595.jpg,Microthallites sp.,microthallites,50
258,image259.jpg,Areoligera cf. medusettiformis Williams & Downie 1966,areoligera,1
211,image212.jpg,Cordosphaeridium cantharellus,cordosphaeridium,23
611,image612.jpg,Leiosphaeridia (large),leiosphaeridia,48
121,image122.jpg,Glaphyrocysta sp.,glaphyrocysta,12
879,image880.jpg,Reticulatosphaera actinocoronata,reticulatosphaera,34
38,image39.jpg,Wetzeliella gochtii,wetzeliella,9
5,image6.jpg,Phthanoperidinium comatum,phthanoperidinium,2
1004,image1005.jpg,Palaeoperidinium pyrophorum,palaeoperidinium,5
964,image965.jpg,Paucilobiomorpha triradiata,paucilobiomorpha,75
607,image608.jpg,Axiodinium augustum,axiodinium,24
25,image26.jpg,Inaperturopollenites hiatus,inaperturopollenites,3
802,image803.jpg,Licracysta semicirculata?,licracysta,36
953,image954.jpg,Palaeocystodinium minor,palaeocystodinium,0
115,image116.jpg,Glaphyrocysta sp.,glaphyrocysta,12
458,image459.jpg,Diphyes colligerum (apical),diphyes,41
102,image103.jpg,bisaccate pollen,bisaccate,13
632,image633.jpg,Caryapollenites veripites,caryapollenites,31
187,image188.jpg,Dapsilidinium pseudocolligerum,dapsilidinium,32
443,image444.jpg,Cleistosphaeridium sp.,cleistosphaeridium,11
429,image430.jpg,Caligodinium amiculum,caligodinium,38
445,image446.jpg,Azolla massulae,azolla,19
598,image599.jpg,Palaeocystodinium kareniae,palaeocystodinium,0
383,image384.jpg,Achomophaera antleriformis?,achomosphaera,43
815,image816.jpg,Palaeocystodinium golzowense (frag),palaeocystodinium,0
908,image909.jpg,Palambages sp.,palambages,44
239,image240.jpg,Chatangiella islae,chatangiella,26
298,image299.jpg,Areosphaeridium michoudii,areosphaeridium,10
538,image539.jpg,Achomosphaera ramulifera,achomosphaera,43
431,image432.jpg,Azolla massulae,azolla,19
389,image390.jpg,Areosphaeridium michoudii,areosphaeridium,10
292,image293.jpg,Phthanoperidinium indistinctum,phthanoperidinium,2
149,image150.jpg,Cerodinium striatum,cerodinium,21
1015,image1016.jpg,Isabelidinium viborgense,isabelidinium,16
809,image810.jpg,bisaccate pollen,bisaccate,13
582,image583.jpg,Microthallites sp.,microthallites,50
1062,image1063.jpg,Dinopterygium cf. cladoides Morgenroth 1966,dinopterygium,20
754,image755.jpg,Areosphaeridium michoudii,areosphaeridium,10
281,image282.jpg,Areoligera medusettiformis grp.,areoligera,1
779,image780.jpg,Cleistosphaeridium sp.,cleistosphaeridium,11
593,image594.jpg,Impagidinium solidum,impagidinium,63
1079,image1080.jpg,Alisocysta margarita,alisocysta,14
356,image357.jpg,Enneadocysta arcuata,enneadocysta,25
910,image911.jpg,Chatangiella bondarenkoi (frag),chatangiella,26
719,image720.jpg,Palaeocystodinium bulliforme,palaeocystodinium,0
467,image468.jpg,Stephanopyxis sp. (diatom),stephanopyxis,22
894,image895.jpg,Odontochitina porifera (operculum),odontochitina,30
934,image935.jpg,Palaeocystodinium golzowense,palaeocystodinium,0
963,image964.jpg,Palaeocystodinium minor?,palaeocystodinium,0
508,image509.jpg,Deflandrea phosphoritica,deflandrea,4
783,image784.jpg,Cerebrocysta bartonensis,cerebrocysta,69
731,image732.jpg,Hystrichosphaeridium tubiferum tubiferum,hystrichosphaeridium,18
631,image632.jpg,Subtilisphaera sp.A,subtilisphaera,15
831,image832.jpg,Deflandrea phosphoritica,deflandrea,4
559,image560.jpg,Minisphaeridium latirictum,minisphaeridium,28
844,image845.jpg,Rhombodinium draco?,rhombodinium,46
737,image738.jpg,Hystrichosphaeridium tubiferum tubiferum,hystrichosphaeridium,18
639,image640.jpg,Triatriopollenites triangulus-subtriangulus,triatriopollenites,51
493,image494.jpg,Wetzeliella articulata,wetzeliella,9
410,image411.jpg,Eatonicysta ursulae (short),eatonicysta,6
603,image604.jpg,Cousteaudinium aubryae gonoperforatum,cousteaudinium,115
539,image540.jpg,Dapsilidinium pseudocolligerum,dapsilidinium,32
1111,image1112.jpg,Wetzeliella sp.,wetzeliella,9
875,image876.jpg,Hystrichokolpoma sp.,hystrichokolpoma,17
615,image616.jpg,Axiodinium augustum,axiodinium,24
739,image740.jpg,Isabelidinium viborgense,isabelidinium,16
903,image904.jpg,Odontochitina porifera (operculum),odontochitina,30
777,image778.jpg,Melitasphaeridium asterium,melitasphaeridium,64
625,image626.jpg,Apectodinium homomorphum,apectodinium,70
1030,image1031.jpg,Palaeocystodinium bulliforme (frag),palaeocystodinium,0
265,image266.jpg,Areoligera cf. medusettiformis Williams & Downie 1966,areoligera,1
847,image848.jpg,Wetzeliella sp.,wetzeliella,9
252,image253.jpg,Areoligera cf. medusettiformis Williams & Downie 1966,areoligera,1
890,image891.jpg,Palaeoperidinium pyrophorum,palaeoperidinium,5
1026,image1027.jpg,Palaeocystodinium bulliforme (frag),palaeocystodinium,0
531,image532.jpg,Svalbardella cooksoniae,svalbardella,8
144,image145.jpg,Subtilisphaera sp.A,subtilisphaera,15
105,image106.jpg,Palambages sp.,palambages,44
88,image89.jpg,Palaeoperidinium pyrophorum,palaeoperidinium,5
51,image52.jpg,Svalbardella cooksoniae,svalbardella,8
1037,image1038.jpg,Thalassiphora fenestrata?,thalassiphora,27
829,image830.jpg,Dinopterygium cf. cladoides Morgenroth 1966,dinopterygium,20
162,image163.jpg,Alisocysta margarita,alisocysta,14
898,image899.jpg,Oligosphaeridium complex,oligosphaeridium,68
729,image730.jpg,Palaeocystodinium bulliforme (frag),palaeocystodinium,0
876,image877.jpg,Hystrichokolpoma sp.,hystrichokolpoma,17
176,image177.jpg,Trithyrodinium zakkii,trithyrodinium,37
359,image360.jpg,Phthanoperidinium distinctum,phthanoperidinium,2
394,image395.jpg,Azolla massulae,azolla,19
133,image134.jpg,Glaphyrocysta sp.,glaphyrocysta,12
339,image340.jpg,Phthanoperidinium distinctum,phthanoperidinium,2
165,image166.jpg,Glaphyrocysta sp.,glaphyrocysta,12
732,image733.jpg,Hystrichosphaeridium tubiferum tubiferum,hystrichosphaeridium,18
279,image280.jpg,Areoligera medusettiformis grp. (operculum),areoligera,1
659,image660.jpg,Subtilisphaera sp.A,subtilisphaera,15
491,image492.jpg,Homotryblium tenuispinosum,homotryblium,66
542,image543.jpg,Enneadocysta arcuata,enneadocysta,25
311,image312.jpg,Phthanoperidinium distinctum,phthanoperidinium,2
807,image808.jpg,Palaeoperidinium pyrophorum,palaeoperidinium,5
154,image155.jpg,Cordosphaeridium gracile,cordosphaeridium,23
832,image833.jpg,Dracodinium simile?,dracodinium,52
743,image744.jpg,Enneadocysta arcuata,enneadocysta,25
633,image634.jpg,Compositoipollenites rhizophorus rhizophorus,compositoipollenites,71
867,image868.jpg,Deflandrea heterophlycta,deflandrea,4
440,image441.jpg,Azolla massulae,azolla,19
209,image210.jpg,Stephanopyxis sp. (diatom),stephanopyxis,22
35,image36.jpg,Phthanoperidinium comatum,phthanoperidinium,2
644,image645.jpg,Inaperturopollenites hiatus (w/ligula),inaperturopollenites,3
990,image991.jpg,Palaeocystodinium bulliforme (frag),palaeocystodinium,0
678,image679.jpg,Areoligera gippingensis (operculum),areoligera,1
596,image597.jpg,Deflandrea phosphoritica,deflandrea,4
432,image433.jpg,Eatonicysta ursulae,eatonicysta,6
943,image944.jpg,Hystrichokolpoma rigaudiae?,hystrichokolpoma,17
1060,image1061.jpg,Simplicidinium insolitum,simplicidinium,88
595,image596.jpg,Pyxidiniosis tuberculata?,pyxidiniopsis,74
174,image175.jpg,Dinopterygium cf. cladoides Morgenroth 1966,dinopterygium,20
473,image474.jpg,Cleistosphaeridium placacanthum,cleistosphaeridium,11
33,image34.jpg,Areosphaeridium diktyoplokum,areosphaeridium,10
707,image708.jpg,Areoligera gippingensis,areoligera,1
850,image851.jpg,Deflandrea heterophlycta,deflandrea,4
1040,image1041.jpg,Paralecaniella indentata,paralecaniella,76
86,image87.jpg,Glaphyrocysta sp.,glaphyrocysta,12
600,image601.jpg,Palaeocystodinium miocaenicum,palaeocystodinium,0
44,image45.jpg,Deflandrea phosphoritica spinulosa,deflandrea,4
634,image635.jpg,Triatriopollenites triangulus-subtriangulus,triatriopollenites,51
630,image631.jpg,Sequoiapollenites sp.,sequoiapollenites,65
42,image43.jpg,Svalbardella kareniae,svalbardella,8
492,image493.jpg,Eatonicysta ursulae,eatonicysta,6
317,image318.jpg,Minisphaeridium latirictum,minisphaeridium,28
1061,image1062.jpg,scolecodont,scolecodont,83
167,image168.jpg,Alisocysta margarita,alisocysta,14
120,image121.jpg,Alisocysta margarita,alisocysta,14
504,image505.jpg,Spiniferites manumii,spiniferites,7
1027,image1028.jpg,Glaphyrocysta ordinata?,glaphyrocysta,12
905,image906.jpg,Chlamydophorella nyei,chlamydophorella,121
278,image279.jpg,Areoligera medusettiformis grp.,areoligera,1
585,image586.jpg,Barssidinium evangelineae,barssidinium,40
753,image754.jpg,Hystrichokolpoma sp.,hystrichokolpoma,17
774,image775.jpg,Dinopterygium cf. cladoides Morgenroth 1966,dinopterygium,20
691,image692.jpg,Caryapollenites veripites,caryapollenites,31
518,image519.jpg,Cordosphaeridium cantharellus,cordosphaeridium,23
377,image378.jpg,Aquilapollenites sp.,aquilapollenites,92
303,image304.jpg,Phthanoperidinium distinctum,phthanoperidinium,2
868,image869.jpg,Hystrichokolpoma rigaudiae,hystrichokolpoma,17
927,image928.jpg,Operculodinium centrocarpum,operculodinium,47
472,image473.jpg,Stephanopyxis sp. (diatom),stephanopyxis,22
353,image354.jpg,Heteraulacacysta porosa,heteraulacacysta,29
826,image827.jpg,bisaccate pollen,bisaccate,13
960,image961.jpg,Palaeocystodinium golzowense,palaeocystodinium,0
899,image900.jpg,Alterbidinium ioannidesii (frag),alterbidinium,67
830,image831.jpg,Spiniferites twistringiensis (frag),spiniferites,7
989,image990.jpg,Cerodinium speciosum,cerodinium,21
95,image96.jpg,Glaphyrocysta sp.,glaphyrocysta,12
287,image288.jpg,Areoligera cf. medusettiformis Williams & Downie 1966,areoligera,1
171,image172.jpg,Areosphaeridium dictyoplokum,areosphaeridium,10
321,image322.jpg,Cleistosphaeridium sp.,cleistosphaeridium,11
544,image545.jpg,Sequoiaspollenites sp.,sequoiapollenites,65
949,image950.jpg,Palaeocystodinium golzowense,palaeocystodinium,0
277,image278.jpg,Areoligera sp.,areoligera,1
26,image27.jpg,Inaperturopollenites hiatus,inaperturopollenites,3
997,image998.jpg,Palambages sp.,palambages,44
12,image13.jpg,Inaperturopollenites hiatus,inaperturopollenites,3
919,image920.jpg,Chiropteridium galea,chiropteridium,59
183,image184.jpg,Stephanopyxis sp. (diatom),stephanopyxis,22
567,image568.jpg,Odontochitina costata,odontochitina,30
93,image94.jpg,Inaperturopollenites hiatus,inaperturopollenites,3
319,image320.jpg,Triatriopollenites triangulus-subtriangulus,triatriopollenites,51
761,image762.jpg,Dinopterygium cf. cladoides Morgenroth 1966,dinopterygium,20
57,image58.jpg,Svalbardella cooksoniae,svalbardella,8
610,image611.jpg,Lentinia serrata,lentinia,108
976,image977.jpg,Hystrichosphaeridium tubiferum tubiferum,hystrichosphaeridium,18
926,image927.jpg,Palaeocystodinium golzowense (frag),palaeocystodinium,0
642,image643.jpg,Inaperturopollenites hiatus (w/ligula),inaperturopollenites,3
426,image427.jpg,Dinopterygium cf. cladoides Morgenroth 1966,dinopterygium,20
1098,image1099.jpg,Palaeoperidinium pyrophorum,palaeoperidinium,5
484,image485.jpg,Eatonicysta ursulae,eatonicysta,6
461,image462.jpg,Stephanopyxis sp. (diatom),stephanopyxis,22
373,image374.jpg,Palaeocystodinium bulliforme,palaeocystodinium,0
637,image638.jpg,Inaperturopollenites hiatus,inaperturopollenites,3
511,image512.jpg,Phthanoperidinium amoneum,phthanoperidinium,2
233,image234.jpg,Heterosphaeridium difficile (robust),heterosphaeridium,49
212,image213.jpg,Spinifiertes ramosus ramosus (frag),spiniferites,7
401,image402.jpg,Cleistosphaeridium sp.,cleistosphaeridium,11
810,image811.jpg,Chiropteridium sp.,chiropteridium,59
416,image417.jpg,Eatonicysta ursulae,eatonicysta,6
857,image858.jpg,Phthanoperidinium comatum,phthanoperidinium,2
516,image517.jpg,Spiniferites twistringiensis,spiniferites,7
629,image630.jpg,Inaperturopollenites hiatus (w/ligula),inaperturopollenites,3
1082,image1083.jpg,Palaeoperidinium pyrophorum,palaeoperidinium,5
99,image100.jpg,Subtilisphaera sp.,subtilisphaera,15
679,image680.jpg,Areoligera gippingensis (operculum),areoligera,1
993,image994.jpg,Palaeocystodinium bulliforme (frag),palaeocystodinium,0
138,image139.jpg,Palaeoperidinium pyrophorum,palaeoperidinium,5
749,image750.jpg,Minisphaeridium latirictum,minisphaeridium,28
207,image208.jpg,Wetzeliella sp.,wetzeliella,9
701,image702.jpg,Palaeocystodinium bulliforme (frag),palaeocystodinium,0
179,image180.jpg,Deflandrea heterophlyecta,deflandrea,4
617,image618.jpg,Caryapollenites veripites,caryapollenites,31
885,image886.jpg,Spiniferites manumii,spiniferites,7
77,image78.jpg,Svalbardella kareniae,svalbardella,8
708,image709.jpg,Areoligera gippingensis,areoligera,1
194,image195.jpg,Spiniferites sp.2 Manum et al 1989?,spiniferites,7
557,image558.jpg,Apteodinium australiense,apteodinium,45
1073,image1074.jpg,Palaeoperidinium pyrophorum,palaeoperidinium,5
293,image294.jpg,Distatodinium scariosum,distatodinium,33
39,image40.jpg,Svalbardella kareniae,svalbardella,8
738,image739.jpg,Areoligera gippingensis,areoligera,1
812,image813.jpg,Palaeocystodinium golzowense,palaeocystodinium,0
689,image690.jpg,Areoligera gippingensis,areoligera,1
530,image531.jpg,Deflandrea sp.b Powell 1986a,deflandrea,4
713,image714.jpg,Isabelidinium viborgense,isabelidinium,16
313,image314.jpg,bisaccate pollen,bisaccate,13
896,image897.jpg,Laciniadinium firmum,laciniadinium,60
643,image644.jpg,Laevigatosporites sp.,laevigatosporites,77
446,image447.jpg,Cordosphaeridium inodes,cordosphaeridium,23
1011,image1012.jpg,Palaeocystodinium bulliforme (frag),palaeocystodinium,0
751,image752.jpg,Minisphaeridium latirictum,minisphaeridium,28
193,image194.jpg,Baculatisporites comaumensis,baculatisporites,85
306,image307.jpg,Phthanoperidinium distinctum,phthanoperidinium,2
1121,image1122.jpg,Baculatiporites/Osmundacidites,baculatiporites/osmundacidites,78
447,image448.jpg,Azolla massulae,azolla,19
571,image572.jpg,Achomosphaera regiensis,achomosphaera,43
773,image774.jpg,Cleistosphaeridium sp.,cleistosphaeridium,11
360,image361.jpg,Phthanoperidinium geminatum,phthanoperidinium,2
1101,image1102.jpg,Palaeoperidinium pyrophorum,palaeoperidinium,5
532,image533.jpg,Achomosphaera alcicornu,achomosphaera,43
225,image226.jpg,Palaeohystrichophora infusorioides,palaeohystrichophora,58
750,image751.jpg,Cleistosphaeridium sp.,cleistosphaeridium,11
434,image435.jpg,Azolla massulae,azolla,19
576,image577.jpg,Palaeocystodinium golzowense,palaeocystodinium,0
937,image938.jpg,Melitasphaeridium choanophorum?,melitasphaeridium,64
612,image613.jpg,Inaperturopollenites hiatus,inaperturopollenites,3
973,image974.jpg,Cerodinium sp.,cerodinium,21
882,image883.jpg,Licracysta semicirculata,licracysta,36
838,image839.jpg,Hystrichokolpoma rigaudiae,hystrichokolpoma,17
583,image584.jpg,Deflandrea phosphoritica,deflandrea,4
18,image19.jpg,Inaperturopollenites hiatus,inaperturopollenites,3
271,image272.jpg,Areoligera cf. medusettiformis Williams & Downie 1966,areoligera,1
424,image425.jpg,Areosphaeridium michoudii,areosphaeridium,10
692,image693.jpg,Cerodinium speciosum,cerodinium,21
808,image809.jpg,Svalbardella clausii?,svalbardella,8
673,image674.jpg,Areoligera gippingensis,areoligera,1
55,image56.jpg,Svalbardella cooksoniae,svalbardella,8
286,image287.jpg,Areoligera medusettiformis,areoligera,1
261,image262.jpg,Cordosphaeridium gracile,cordosphaeridium,23
405,image406.jpg,Enneadocysta arcuata,enneadocysta,25
406,image407.jpg,Eatonicysta ursulae,eatonicysta,6
670,image671.jpg,Areoligera gippingensis,areoligera,1
714,image715.jpg,Isabelidinium viborgense,isabelidinium,16
1115,image1116.jpg,Palaeocystodinium golzowense,palaeocystodinium,0
267,image268.jpg,Areoligera medusettiformis grp.,areoligera,1
893,image894.jpg,Palaeoglenodinium cretaceum (frag),palaeoglenodinium,119
1009,image1010.jpg,Isabelidinium viborgense,isabelidinium,16
843,image844.jpg,Deflandrea phosphoritica,deflandrea,4
151,image152.jpg,Glaphyrocysta sp.,glaphyrocysta,12
840,image841.jpg,Deflandrea phosphoritica,deflandrea,4
146,image147.jpg,Alisocysta margarita,alisocysta,14
1109,image1110.jpg,bisaccate pollen,bisaccate,13
112,image113.jpg,Subtilisphaera sp.,subtilisphaera,15
818,image819.jpg,Inaperturopollenites hiatus,inaperturopollenites,3
214,image215.jpg,Spiniferites twistringiensis,spiniferites,7
468,image469.jpg,Stephanopyxis sp. (diatom),stephanopyxis,22
931,image932.jpg,Palaeocystodinium golzowense,palaeocystodinium,0
450,image451.jpg,Azolla massulae,azolla,19
962,image963.jpg,Reticulatosphaera actinocoronata,reticulatosphaera,34
205,image206.jpg,Diphyes colligerum,diphyes,41
199,image200.jpg,Hystrichostrogylon membraniphorum,hystrichostrogylon,55
762,image763.jpg,Phthanoperidinium comatum,phthanoperidinium,2
304,image305.jpg,Phthanoperidinium distinctum,phthanoperidinium,2
224,image225.jpg,Chatangiella islae,chatangiella,26
365,image366.jpg,Trithyrodinium bireticulatum,trithyrodinium,37
925,image926.jpg,Palaeocystodinium golzowense (frag),palaeocystodinium,0
706,image707.jpg,Areoligera gippingensis,areoligera,1
983,image984.jpg,Hystrichosphaeridium tubiferum tubiferum,hystrichosphaeridium,18
904,image905.jpg,Odontochitina costata (operculum),odontochitina,30
17,image18.jpg,Inaperturopollenites hiatus,inaperturopollenites,3
681,image682.jpg,Areoligera gippingensis,areoligera,1
636,image637.jpg,Inaperturopollenites hiatus,inaperturopollenites,3
397,image398.jpg,Eatonicysta ursulae (frag),eatonicysta,6
407,image408.jpg,Cordosphaeridium gracile,cordosphaeridium,23
811,image812.jpg,Deflandrea phosphoritica,deflandrea,4
614,image615.jpg,Caryapollenites simplex,caryapollenites,31
716,image717.jpg,Hystrichosphaeridium tubiferum tubiferum,hystrichosphaeridium,18
965,image966.jpg,Cerodinium speciosum,cerodinium,21
620,image621.jpg,Pterospermella sp.,pterospermella,73
891,image892.jpg,Heterosphaeridium bellii (frag),heterosphaeridium,49
835,image836.jpg,Tiliaepollenites microreticulatus (frag),tiliaepollenites,61
819,image820.jpg,Inaperturopollenites hiatus,inaperturopollenites,3
837,image838.jpg,Deflandrea phosphoritica,deflandrea,4
901,image902.jpg,Raphidodinium fucatum,raphidodinium,39
527,image528.jpg,Cleistosphaeridium placacanthum?,cleistosphaeridium,11
805,image806.jpg,Rhombodinium draco,rhombodinium,46
159,image160.jpg,Cerodinium speciosum,cerodinium,21
543,image544.jpg,Pyxilla sp. (diatom),pyxilla,54
22,image23.jpg,Inaperturopollenites hiatus,inaperturopollenites,3
1120,image1121.jpg,bisaccate pollen,bisaccate,13
877,image878.jpg,Caligodinium amiculum,caligodinium,38
129,image130.jpg,Subtilisphaera sp.A,subtilisphaera,15
226,image227.jpg,Trithyrodinium bireticulatum,trithyrodinium,37
1067,image1068.jpg,Spiniferella cornuta,spiniferella,89
536,image537.jpg,Operculodinium centrocarpum,operculodinium,47
1042,image1043.jpg,Areosphaeridium diktyoplokum (frag),areosphaeridium,10
987,image988.jpg,Palaeocystodinium bulliforme (frag),palaeocystodinium,0
950,image951.jpg,Perinopollenites elatoides,perinopollenites,56
1093,image1094.jpg,Palaeoperidinium pyrophorum,palaeoperidinium,5
65,image66.jpg,Inaperturopollenites hiatus,inaperturopollenites,3
592,image593.jpg,Barssidinium evangelineae,barssidinium,40
495,image496.jpg,Spiniferites pseudofurcatus,spiniferites,7
256,image257.jpg,Areoligera cf. medusettiformis Williams & Downie 1966,areoligera,1
1050,image1051.jpg,Lingulodinium machaerophorum,lingulodinium,62
1063,image1064.jpg,Cordosphaeridium funiculatum (frag),cordosphaeridium,23
851,image852.jpg,Distatodinium sp.,distatodinium,33
922,image923.jpg,Thalassiphora sp.,thalassiphora,27
733,image734.jpg,Hystrichosphaeridium tubiferum tubiferum,hystrichosphaeridium,18
665,image666.jpg,Heteraulacacysta porosa,heteraulacacysta,29
266,image267.jpg,Areoligera cf. medusettiformis Williams & Downie 1966,areoligera,1
153,image154.jpg,Glaphyrocysta sp.,glaphyrocysta,12
217,image218.jpg,Chatangiella islae,chatangiella,26
619,image620.jpg,Axiodinium augustum,axiodinium,24
227,image228.jpg,Raphidodinium fucatum,raphidodinium,39
28,image29.jpg,Rhombodinium porosum,rhombodinium,46
608,image609.jpg,Pterospermella sp.,pterospermella,73
462,image463.jpg,Hystrichokolpoma rigaudiae,hystrichokolpoma,17
419,image420.jpg,Wetzelielloideae (indet.),wetzelielloideae,72
297,image298.jpg,Dinopterygium cf. cladoides Morgenroth 1966,dinopterygium,20
609,image610.jpg,blade shaped palynomaceral-4,blade,82
169,image170.jpg,Alisocysta margarita,alisocysta,14
241,image242.jpg,Nannoceratopsis gracilis,nannoceratopsis,35
94,image95.jpg,Glaphyrocysta sp.,glaphyrocysta,12
618,image619.jpg,Caryapollenites veripites,caryapollenites,31
378,image379.jpg,Hystrichosphaeridium tenuitubatum,hystrichosphaeridium,18
700,image701.jpg,Palaeocystodinium bulliforme (frag),palaeocystodinium,0
1099,image1100.jpg,Palaeoperidinium pyrophorum,palaeoperidinium,5
752,image753.jpg,Wetzeliella gochtii?,wetzeliella,9
350,image351.jpg,Cleistosphaeridium sp.,cleistosphaeridium,11
778,image779.jpg,Deflandrea oebisfeldensis ovalis,deflandrea,4
1076,image1077.jpg,Palaeoperidinium pyrophorum,palaeoperidinium,5
599,image600.jpg,Barssidinium evangelineae,barssidinium,40
505,image506.jpg,Spiniferites manumii,spiniferites,7
116,image117.jpg,Subtilisphaera sp.A?,subtilisphaera,15
944,image945.jpg,Impletosphaeridium sp.,impletosphaeridium,106
604,image605.jpg,Lingulodinium machaerophorum?,lingulodinium,62
1022,image1023.jpg,Alisocysta margarita,alisocysta,14
658,image659.jpg,Axiodinium augustum,axiodinium,24
1052,image1053.jpg,Hystrichosphaeropsis membraniphorum,hystrichosphaeropsis,105
466,image467.jpg,Stephanopyxis sp. (diatom),stephanopyxis,22
30,image31.jpg,Heteraulacacysta pustulata,heteraulacacysta,29
797,image798.jpg,Svalbardella clausii,svalbardella,8
364,image365.jpg,Circulodinium distinctum,circulodinium,57
385,image386.jpg,Eatonicysta ursulae,eatonicysta,6
806,image807.jpg,Deflandrea phosphoritica (frag),deflandrea,4
996,image997.jpg,Palaeocystodinium bulliforme (frag),palaeocystodinium,0
273,image274.jpg,Areoligera cf. medusettiformis Williams & Downie 1966,areoligera,1
541,image542.jpg,Deflandrea phosphoritica,deflandrea,4
128,image129.jpg,Inaperturopollenites hiatus,inaperturopollenites,3
792,image793.jpg,Phthanoperidinium amoenum,phthanoperidinium,2
605,image606.jpg,Palaeocystodinium golzowense,palaeocystodinium,0
290,image291.jpg,Phthanoperidinium distinctum,phthanoperidinium,2
238,image239.jpg,Chatangiella islae,chatangiella,26
433,image434.jpg,Sponge spicule,sponge,90
998,image999.jpg,Palambages sp.,palambages,44
814,image815.jpg,Palaeocystodinium miocaenicum,palaeocystodinium,0
887,image888.jpg,Wetzeliella sp.,wetzeliella,9
1066,image1067.jpg,Dinopterygium cf. cladoides Morgenroth 1966,dinopterygium,20
46,image47.jpg,Svalbardella cooksoniae,svalbardella,8
823,image824.jpg,bisaccate pollen,bisaccate,13
494,image495.jpg,Diphyes ficusoides,diphyes,41
0,image1.jpg,Phthanoperidinium distinctum,phthanoperidinium,2
302,image303.jpg,Cerebrocysta bartonensis,cerebrocysta,69
1029,image1030.jpg,Palaeocystodinium bulliforme (frag),palaeocystodinium,0
966,image967.jpg,Palaeocystodinium bulliforme (frag),palaeocystodinium,0
1051,image1052.jpg,Heteraulacacysta porosa,heteraulacacysta,29
1095,image1096.jpg,Palaeoperidinium pyrophorum,palaeoperidinium,5
709,image710.jpg,Isabelidinium viborgense,isabelidinium,16
392,image393.jpg,Azolla massulae,azolla,19
318,image319.jpg,Hystrichokolpoma sp.,hystrichokolpoma,17
672,image673.jpg,Areoligera gippingensis,areoligera,1
970,image971.jpg,Cerodinium speciosum,cerodinium,21
895,image896.jpg,Heterosphaeridium bellii,heterosphaeridium,49
791,image792.jpg,Cordosphaeridium gracile,cordosphaeridium,23
497,image498.jpg,Phthanoperidinium comatum,phthanoperidinium,2
787,image788.jpg,Dinopterygium cf. cladoides Morgenroth 1966,dinopterygium,20
1000,image1001.jpg,Hystrichosphaeridium tubiferum tubiferum,hystrichosphaeridium,18
126,image127.jpg,Glaphyrocysta sp.,glaphyrocysta,12
499,image500.jpg,Minisphaeridium latirictum,minisphaeridium,28
395,image396.jpg,Cordosphaeridium inodes?,cordosphaeridium,23
735,image736.jpg,Hystrichosphaeridium tubiferum tubiferum,hystrichosphaeridium,18
856,image857.jpg,Thalassiphora pelagica,thalassiphora,27
688,image689.jpg,Cordosphaeridium gracile (frag),cordosphaeridium,23
920,image921.jpg,Spiniferites manumii,spiniferites,7
1005,image1006.jpg,Cerodinium speciosum,cerodinium,21
874,image875.jpg,Spiniferites manumii,spiniferites,7
203,image204.jpg,Phthanoperidinium amoenum,phthanoperidinium,2
398,image399.jpg,Eatonicysta ursulae,eatonicysta,6
337,image338.jpg,Corrudinium incompositum,corrudinium,42
862,image863.jpg,Svalbardella cooksoniae,svalbardella,8
221,image222.jpg,Chatangiella islae,chatangiella,26
546,image547.jpg,Phthanoperidinium amoenum,phthanoperidinium,2
590,image591.jpg,Pluricellaesporites sp. (fungi),pluricellaesporites,87
1032,image1033.jpg,Palambages sp.,palambages,44
954,image955.jpg,Operculodinium sp?,operculodinium,47
711,image712.jpg,Paralecaniella indentata,paralecaniella,76
320,image321.jpg,Phthanoperidinium indistinctum,phthanoperidinium,2
1046,image1047.jpg,Cribroperidinium sp.,cribroperidinium,114
722,image723.jpg,Areoligera gippingensis,areoligera,1
726,image727.jpg,Palaeocystodinium bulliforme (frag),palaeocystodinium,0
336,image337.jpg,Areosphaeridium michoudii,areosphaeridium,10
513,image514.jpg,Spiniferites manumii,spiniferites,7
132,image133.jpg,Subtilisphaera perlucida,subtilisphaera,15
2,image3.jpg,Svalbardella cooksoniae,svalbardella,8
289,image290.jpg,Dracodinium eocaenicum,dracodinium,52
362,image363.jpg,Palaeoperidinium pyrophorum,palaeoperidinium,5
107,image108.jpg,bisaccate pollen,bisaccate,13
242,image243.jpg,Nannoceratopsis gracilis,nannoceratopsis,35
259,image260.jpg,Areoligera medusettiformis grp.,areoligera,1
58,image59.jpg,bisaccate pollen,bisaccate,13
506,image507.jpg,Deflandrea heterophlycta,deflandrea,4
464,image465.jpg,Areosphaeridium michoudii,areosphaeridium,10
147,image148.jpg,Alisocysta margarita,alisocysta,14
515,image516.jpg,Phthanoperidinium amoneum,phthanoperidinium,2
47,image48.jpg,Svalbardella cooksoniae,svalbardella,8
1003,image1004.jpg,Palaeoperidinium pyrophorum,palaeoperidinium,5
455,image456.jpg,Azolla massulae,azolla,19
775,image776.jpg,Nematosphaeropsis sp.,nematosphaeropsis,53
348,image349.jpg,Corrudinium incompositum,corrudinium,42
589,image590.jpg,Deflandrea phosphoritica,deflandrea,4
566,image567.jpg,Odontochitina costata Ooperculum),odontochitina,30
558,image559.jpg,bisaccate pollen,bisaccate,13
664,image665.jpg,Axiodinium augustum (frag),axiodinium,24
767,image768.jpg,Deflandrea heterophlycta,deflandrea,4
917,image918.jpg,Alterbidinium ioannidesii,alterbidinium,67
878,image879.jpg,Spiniferites manumii,spiniferites,7
143,image144.jpg,Palaeoperidinium pyrophorum,palaeoperidinium,5
911,image912.jpg,Chatangiella niiga,chatangiella,26
189,image190.jpg,Phthanoperidinium amoenum,phthanoperidinium,2
139,image140.jpg,Glaphyrocysta sp.,glaphyrocysta,12
741,image742.jpg,Isabelidinium viborgense,isabelidinium,16
123,image124.jpg,Glaphyrocysta sp.,glaphyrocysta,12
581,image582.jpg,Palaeocystodinium minor,palaeocystodinium,0
110,image111.jpg,Tiliaepollenites microreticulatus grp.,tiliaepollenites,61
325,image326.jpg,Paucilobiomorpha incurvata,paucilobiomorpha,75
228,image229.jpg,Chatangiella islae,chatangiella,26
24,image25.jpg,Inaperturopollenites hiatus,inaperturopollenites,3
81,image82.jpg,Alisocysta margarita,alisocysta,14
622,image623.jpg,Glaphyrocysta,glaphyrocysta,12
1065,image1066.jpg,Heteraulacacysta leptalea?,heteraulacacysta,29
828,image829.jpg,Licracysta semicirculata?,licracysta,36
1058,image1059.jpg,Areosphaeridium diktyoplokum (frag),areosphaeridium,10
108,image109.jpg,Subtilisphaera sp.A,subtilisphaera,15
758,image759.jpg,Cleistosphaeridium sp.,cleistosphaeridium,11
87,image88.jpg,Alisocysta margarita,alisocysta,14
1064,image1065.jpg,Rhombodinium perforatum,rhombodinium,46
650,image651.jpg,Caryapollenites veripites,caryapollenites,31
796,image797.jpg,Microthallites sp.,microthallites,50
1017,image1018.jpg,Palaeocystodinium bulliforme (frag),palaeocystodinium,0
994,image995.jpg,Cerodinium sp.,cerodinium,21
942,image943.jpg,Nematosphaeropsis sp.,nematosphaeropsis,53
833,image834.jpg,bisaccate pollen,bisaccate,13
380,image381.jpg,Deltoidospora,deltoidospora,110
661,image662.jpg,Apectodinium paniculatum,apectodinium,70
509,image510.jpg,Apteodinium australiense,apteodinium,45
958,image959.jpg,Palaeocystodinium golzowense (frag),palaeocystodinium,0
92,image93.jpg,Subtilisphaera sp.A,subtilisphaera,15
969,image970.jpg,Hystrichosphaeridium tubiferum tubiferum,hystrichosphaeridium,18
448,image449.jpg,Stenodinium meckelfeldense?,stenodinium,91
883,image884.jpg,Caligodinium aceras,caligodinium,38
201,image202.jpg,Wetzeliella sp.,wetzeliella,9
1059,image1060.jpg,Areosphaeridium michoudii,areosphaeridium,10
425,image426.jpg,Eatonicysta ursulae (short),eatonicysta,6
486,image487.jpg,Azolla massulae,azolla,19
346,image347.jpg,Cleistosphaeridium sp.,cleistosphaeridium,11
1031,image1032.jpg,Palaeocystodinium bulliforme (frag),palaeocystodinium,0
363,image364.jpg,Achomosphaera ramulifera,achomosphaera,43
786,image787.jpg,Spiniferites manumii,spiniferites,7
106,image107.jpg,Palaeoperidinium pyrophorum,palaeoperidinium,5
720,image721.jpg,Isabelidinium viborgense,isabelidinium,16
1056,image1057.jpg,Thalassiphora pelagica,thalassiphora,27
1021,image1022.jpg,Minisphaeridium latirictum,minisphaeridium,28
196,image197.jpg,Stephanopyxis sp. (diatom),stephanopyxis,22
1006,image1007.jpg,Palaeocystodinium bulliforme,palaeocystodinium,0
295,image296.jpg,Phthanoperidinium distinctum,phthanoperidinium,2
262,image263.jpg,Areoligera cf. medusettiformis Williams & Downie 1966,areoligera,1
222,image223.jpg,Chatangiella islae,chatangiella,26
606,image607.jpg,Pyxidiniopsis braboi/?reticulata,pyxidiniopsis,74
1117,image1118.jpg,Dapsilidinium pseudocolligerum?,dapsilidinium,32
345,image346.jpg,Cleistosphaeridium sp.,cleistosphaeridium,11
415,image416.jpg,Eatonicysta ursulae,eatonicysta,6
1089,image1090.jpg,Palaeoperidinium pyrophorum,palaeoperidinium,5
427,image428.jpg,Eatonicysta ursulae,eatonicysta,6
113,image114.jpg,Subtilisphaera sp.A,subtilisphaera,15
1041,image1042.jpg,Areosphaeridium diktyoplokum (operculum),areosphaeridium,10
995,image996.jpg,Palaeocystodinium bulliforme (frag),palaeocystodinium,0
728,image729.jpg,Hystrichosphaeridium tubiferum tubiferum,hystrichosphaeridium,18
502,image503.jpg,Microthallites sp?,microthallites,50
72,image73.jpg,Svalbardella cooksoniae,svalbardella,8
150,image151.jpg,Subtilisphaera sp.A,subtilisphaera,15
801,image802.jpg,fungal hyphae,fungal,103
375,image376.jpg,Circulodinium distinctum,circulodinium,57
465,image466.jpg,Areosphaeridium michoudii? (operculum),areosphaeridium,10
522,image523.jpg,Phthanoperidinium amoneum,phthanoperidinium,2
32,image33.jpg,Heteraulacacysta porosa,heteraulacacysta,29
1047,image1048.jpg,Corrudinium incompositum,corrudinium,42
299,image300.jpg,Phthanoperidinium distinctum,phthanoperidinium,2
408,image409.jpg,Eatonicysta ursulae,eatonicysta,6
1123,image1124.jpg,Perinopollenites elatoides,perinopollenites,56
936,image937.jpg,Hystrichokoloma sp.,hystrichokolpoma,17
781,image782.jpg,Cleistosphaeridium sp.,cleistosphaeridium,11
621,image622.jpg,Leiosphaeridia (large),leiosphaeridia,48
764,image765.jpg,Phthanoperidinium comatum?,phthanoperidinium,2
1085,image1086.jpg,Alisocysta margarita,alisocysta,14
243,image244.jpg,Nannoceratopsis triangulata,nannoceratopsis,35
173,image174.jpg,Wetzeliella sp.,wetzeliella,9
48,image49.jpg,Svalbardella cooksoniae,svalbardella,8
827,image828.jpg,Wetzeliella sp. (frag),wetzeliella,9
683,image684.jpg,Palaeocystodinium bulliforme (frag),palaeocystodinium,0
192,image193.jpg,Laevigatosporites sp.,laevigatosporites,77
602,image603.jpg,Palaeocystodinium miocaenicum,palaeocystodinium,0
98,image99.jpg,Inaperturopollenites hiatus (w/ligula),inaperturopollenites,3
848,image849.jpg,Dapsilidinium pseudocolligerum (lateral),dapsilidinium,32
892,image893.jpg,Odontochitina porifera (operculum),odontochitina,30
335,image336.jpg,Cleistosphaeridium sp.,cleistosphaeridium,11
523,image524.jpg,Phthanoperidinium geminatum,phthanoperidinium,2
1054,image1055.jpg,Corrudinium incompositum,corrudinium,42
533,image534.jpg,Dinopterygium cf. cladoides Morgenroth 1966,dinopterygium,20
864,image865.jpg,Svalbardella cooksoniae,svalbardella,8
454,image455.jpg,Eatonicysta ursulae,eatonicysta,6
578,image579.jpg,acanthomorph acritarch,acanthomorph,122
552,image553.jpg,Cordosphaeridium cantharellus (frag),cordosphaeridium,23
27,image28.jpg,Inaperturopollenites hiatus,inaperturopollenites,3
788,image789.jpg,Phthanoperidinium comatum,phthanoperidinium,2
529,image530.jpg,Trilites sp.,trilites,96
451,image452.jpg,Minisphaeridium latirictum,minisphaeridium,28
545,image546.jpg,Reticulatosphaera actinocoronatum,reticulatosphaera,34
59,image60.jpg,Wetzeliella gochtii,wetzeliella,9
333,image334.jpg,Phthanoperidinium distinctum,phthanoperidinium,2
980,image981.jpg,Isabelidinium viborgense,isabelidinium,16
1034,image1035.jpg,Hystrichosphaeridium tubiferum tubiferum,hystrichosphaeridium,18
66,image67.jpg,Inaperturopollenites hiatus,inaperturopollenites,3
1020,image1021.jpg,Palaeocystodinium bulliforme (frag),palaeocystodinium,0
525,image526.jpg,Licracysta semicirculata,licracysta,36
1077,image1078.jpg,Palaeoperidinium pyrophorum,palaeoperidinium,5
156,image157.jpg,Alisocysta margarita,alisocysta,14
770,image771.jpg,Apteodinium australiense,apteodinium,45
906,image907.jpg,Trithyrodinium suspectum,trithyrodinium,37
947,image948.jpg,Apteodinium sp?,apteodinium,45
1008,image1009.jpg,Cerodinium speciosum,cerodinium,21
721,image722.jpg,Isabelidinium viborgense,isabelidinium,16
75,image76.jpg,Wetzeliella symmetrica,wetzeliella,9
886,image887.jpg,Wetzeliella sp.,wetzeliella,9
760,image761.jpg,Dinopterygium cf. cladoides Morgenroth 1966,dinopterygium,20
403,image404.jpg,Axiodinium prearticulatum?,axiodinium,24
1097,image1098.jpg,Palaeoperidinium pyrophorum,palaeoperidinium,5
794,image795.jpg,Raphidodinium fucatum,raphidodinium,39
328,image329.jpg,Wetzeliella sp.,wetzeliella,9
705,image706.jpg,Tanyosphaeridium xanthopyxides,tanyosphaeridium,93
76,image77.jpg,Svalbardella cooksoniae,svalbardella,8
74,image75.jpg,bisaccate pollen,bisaccate,13
230,image231.jpg,Trithyrodinium bireticulatum,trithyrodinium,37
204,image205.jpg,Phthanoperidinium amoenum,phthanoperidinium,2
130,image131.jpg,Subtilisphaera sp.A,subtilisphaera,15
768,image769.jpg,Spiniferites pseudofurcatus,spiniferites,7
723,image724.jpg,Hystrichosphaeridium tubiferum tubiferum,hystrichosphaeridium,18
784,image785.jpg,Areosphaeridium diktyoplokum (operculum),areosphaeridium,10
1010,image1011.jpg,Palaeocystodinium bulliforme (frag),palaeocystodinium,0
897,image898.jpg,Raphidodinium fucatum,raphidodinium,39
488,image489.jpg,Thalassiphora patula?,thalassiphora,27
798,image799.jpg,Wetzeliella gochtii?,wetzeliella,9
52,image53.jpg,Svalbardella cooksoniae,svalbardella,8
628,image629.jpg,Inaperturopollenites hiatus,inaperturopollenites,3
331,image332.jpg,Enneadocysta sp.,enneadocysta,25
79,image80.jpg,Alisocysta margarita,alisocysta,14
78,image79.jpg,Inaperturopollenites hiatus,inaperturopollenites,3
70,image71.jpg,Svalbardella cooksoniae,svalbardella,8
41,image42.jpg,Ericipites sp.,ericipites,102
521,image522.jpg,Reticulatosphaera actinocoronatum,reticulatosphaera,34
327,image328.jpg,Phthanoperidinium distinctum,phthanoperidinium,2
1092,image1093.jpg,Palaeoperidinium pyrophorum,palaeoperidinium,5
977,image978.jpg,Isabelidinium viborgense,isabelidinium,16
101,image102.jpg,Subtilisphaera sp.A,subtilisphaera,15
553,image554.jpg,Hystrichostrogylon membraniphorum,hystrichostrogylon,55
4,image5.jpg,Svalbardella cooksoniae,svalbardella,8
693,image694.jpg,Isabelidinium viborgense,isabelidinium,16
449,image450.jpg,Enneadocysta multcornutum,enneadocysta,25
190,image191.jpg,Distephanus crux (silicoflagellate),distephanus,107
941,image942.jpg,chorate,chorate,120
285,image286.jpg,Areoligera cf. medusettiformis Williams & Downie 1966,areoligera,1
913,image914.jpg,Laciniadinium firmum,laciniadinium,60
1103,image1104.jpg,Palaeoperidinium pyrophorum,palaeoperidinium,5
789,image790.jpg,Operculodinium eisenackii,operculodinium,47
591,image592.jpg,Palaeocystodinium miocaenicum,palaeocystodinium,0
971,image972.jpg,Isabelidinium viborgense,isabelidinium,16
771,image772.jpg,Wetzeliella symmetrica,wetzeliella,9
268,image269.jpg,Areoligera cf. medusettiformis Williams & Downie 1966,areoligera,1
1080,image1081.jpg,Glaphyrocysta ordinata,glaphyrocysta,12
316,image317.jpg,Heteraulacacysta porosa,heteraulacacysta,29
667,image668.jpg,Palaeoperidinium pyrophorum,palaeoperidinium,5
710,image711.jpg,Isabelidinium viborgense,isabelidinium,16
756,image757.jpg,Nematosphaeropsis labyrinthus?,nematosphaeropsis,53
136,image137.jpg,Subtilisphaera sp.A,subtilisphaera,15
813,image814.jpg,Deflandrea phosphoritica,deflandrea,4
485,image486.jpg,Azolla massulae,azolla,19
782,image783.jpg,Apteodinium australiense,apteodinium,45
69,image70.jpg,Stephanopyxis sp. (diatom),stephanopyxis,22
655,image656.jpg,Glaphycrocysta sp.,glaphyrocysta,12
63,image64.jpg,Dinopterygium cf. cladoides Morgenroth 1966,dinopterygium,20
736,image737.jpg,Areoligera gippingensis (operculum),areoligera,1
347,image348.jpg,Areosphaeridium michoudii,areosphaeridium,10
475,image476.jpg,Azolla massulae,azolla,19
1014,image1015.jpg,Hystrichosphaeridium tubiferum tubiferum,hystrichosphaeridium,18
496,image497.jpg,Sheshukovia sp. (diatom),sheshukovia,84
67,image68.jpg,Stephanopyxis sp. (diatom),stephanopyxis,22
56,image57.jpg,Svalbardella kareniae,svalbardella,8
1043,image1044.jpg,Areosphaeridium michoudii,areosphaeridium,10
550,image551.jpg,Cordosphaeridium cantharellus (frag),cordosphaeridium,23
1094,image1095.jpg,Palaeoperidinium pyrophorum,palaeoperidinium,5
569,image570.jpg,Dinopterygium cf. cladoides Morgenroth 1966,dinopterygium,20
562,image563.jpg,Areosphaeridium diktyoplokum,areosphaeridium,10
114,image115.jpg,Subtilisphaera sp.,subtilisphaera,15
584,image585.jpg,Palaeocystodinium golzowense,palaeocystodinium,0
417,image418.jpg,Azolla massulae,azolla,19
388,image389.jpg,Eatonicysta ursulae (broken),eatonicysta,6
820,image821.jpg,Inaperturopollenites hiatus,inaperturopollenites,3
955,image956.jpg,Pentadinium laticinctum laticinctum?,pentadinium,99
918,image919.jpg,Phthanoperidinium amoenum,phthanoperidinium,2
237,image238.jpg,Circulodinium distinctum,circulodinium,57
535,image536.jpg,Inaperturopollenites hiatus,inaperturopollenites,3
367,image368.jpg,Lycospora pusilla,lycospora,109
453,image454.jpg,Areosphaeridium michoudii,areosphaeridium,10
800,image801.jpg,Licracysta semicirculata?,licracysta,36
974,image975.jpg,Cerodinium speciosum,cerodinium,21
232,image233.jpg,Chatangiella islae,chatangiella,26
437,image438.jpg,Dapsilidinium pseudocolligerum,dapsilidinium,32
1072,image1073.jpg,Palaeoperidinium pyrophorum,palaeoperidinium,5
555,image556.jpg,Cleistosphaeridium placacanthum (operculum),cleistosphaeridium,11
1122,image1123.jpg,Perinopollenites elatoides,perinopollenites,56
588,image589.jpg,Barssidinium evangelineae,barssidinium,40
570,image571.jpg,Palaeohystrichophora infusorioides,palaeohystrichophora,58
355,image356.jpg,Cleistosphaeridium sp.,cleistosphaeridium,11
1086,image1087.jpg,Palaeoperidinium pyrophorum,palaeoperidinium,5
393,image394.jpg,Azolla massulae?,azolla,19
127,image128.jpg,Inaperturopollenites hiatus,inaperturopollenites,3
1036,image1037.jpg,Cerodinium speciosum,cerodinium,21
888,image889.jpg,Caligodinium amiculum,caligodinium,38
765,image766.jpg,Deflandrea heterophlycta,deflandrea,4
579,image580.jpg,Barssidinium evangelineae,barssidinium,40
352,image353.jpg,Areosphaeridium michoudii,areosphaeridium,10
1104,image1105.jpg,Spiniferites rhomboideus,spiniferites,7
155,image156.jpg,Alisocysta margarita,alisocysta,14
14,image15.jpg,Inaperturopollenites hiatus,inaperturopollenites,3
471,image472.jpg,Diphyes ficusoides,diphyes,41
476,image477.jpg,Eatonicysta ursulae,eatonicysta,6
635,image636.jpg,Caryapollenites imparilis,caryapollenites,31
858,image859.jpg,Distatodinium sp.,distatodinium,33
676,image677.jpg,Isabelidinium viborgense,isabelidinium,16
939,image940.jpg,Microthyriacites sp?,microthyriacites,111
145,image146.jpg,Subtilisphaera sp.A,subtilisphaera,15
361,image362.jpg,Fromea nicosia,fromea,86
780,image781.jpg,Enneadocysta arcuata,enneadocysta,25
932,image933.jpg,Hystrichokolpoma rigaudiae?,hystrichokolpoma,17
1116,image1117.jpg,bisaccate pollen,bisaccate,13
255,image256.jpg,Areoligera medusettiformis grp.,areoligera,1
280,image281.jpg,Oligosphaeridium complex,oligosphaeridium,68
946,image947.jpg,Reticulatosphaera actinocoronata?,reticulatosphaera,34
163,image164.jpg,Alisocysta margarita?,alisocysta,14
308,image309.jpg,Phthanoperidinium indistinctum,phthanoperidinium,2
420,image421.jpg,Azolla massulae,azolla,19
166,image167.jpg,Cerodinium speciosum,cerodinium,21
122,image123.jpg,Subtilisphaera sp.A,subtilisphaera,15
1001,image1002.jpg,Cerodinium speciosum,cerodinium,21
344,image345.jpg,Phthanoperidinium indistinctum,phthanoperidinium,2
1091,image1092.jpg,Palaeoperidinium pyrophorum,palaeoperidinium,5
84,image85.jpg,Glaphyrocysta sp.,glaphyrocysta,12
961,image962.jpg,Homotryblium tenuispinosum?,homotryblium,66
623,image624.jpg,Inaperturopollenites hiatus,inaperturopollenites,3
329,image330.jpg,Cleistosphaeridium sp.,cleistosphaeridium,11
565,image566.jpg,Phthanoperidinium multispinum?,phthanoperidinium,2
220,image221.jpg,Heterosphaeridium difficile?,heterosphaeridium,49
902,image903.jpg,Trithyrodinium suspectum,trithyrodinium,37
141,image142.jpg,bisaccate pollen,bisaccate,13
528,image529.jpg,Dapsilidinium pseudocolligerum,dapsilidinium,32
284,image285.jpg,Cordosphaeridium gracile,cordosphaeridium,23
305,image306.jpg,Heteraulacacysta porosa,heteraulacacysta,29
968,image969.jpg,Cerodinium speciosum,cerodinium,21
975,image976.jpg,Palaeocystodinium bulliforme (frag),palaeocystodinium,0
503,image504.jpg,Deflandrea phosphoritica,deflandrea,4
229,image230.jpg,Palaeohystrichophora infusorioides,palaeohystrichophora,58
1023,image1024.jpg,Palaeocystodinium bulliforme (frag),palaeocystodinium,0
988,image989.jpg,Cerodinium speciosum,cerodinium,21
384,image385.jpg,Thalassiphora pelagica,thalassiphora,27
391,image392.jpg,Azolla massulae,azolla,19
1057,image1058.jpg,Wetzeliella gochtii,wetzeliella,9
1113,image1114.jpg,Pyxilla sp. (diatom),pyxilla,54
164,image165.jpg,Glaphyrocysta sp.,glaphyrocysta,12
663,image664.jpg,Axiodinium augustum,axiodinium,24
1096,image1097.jpg,Palaeoperidinium pyrophorum,palaeoperidinium,5
560,image561.jpg,Deflandrea phosphoritica,deflandrea,4
586,image587.jpg,Barssidinium evangelineae,barssidinium,40
914,image915.jpg,Exochosphaeridium phragmites,exochosphaeridium,112
177,image178.jpg,Hystrichokolpoma sp.,hystrichokolpoma,17
841,image842.jpg,Inaperturopollenites hiatus,inaperturopollenites,3
1118,image1119.jpg,Stephanopyxis sp. (diatom),stephanopyxis,22
315,image316.jpg,Areosphaeridium michoudii,areosphaeridium,10
294,image295.jpg,Heteraulacysta sp.,heteraulacacysta,29
646,image647.jpg,Inaperturopollenites hiatus,inaperturopollenites,3
649,image650.jpg,Inaperturopollenites hiatus,inaperturopollenites,3
865,image866.jpg,Deflandrea phosphoritica,deflandrea,4
668,image669.jpg,Areoligera gippingensis,areoligera,1
1018,image1019.jpg,Leiosphaeridia (large),leiosphaeridia,48
342,image343.jpg,bisaccate pollen,bisaccate,13
64,image65.jpg,Trinacria sp? (diatom),trinacria,97
260,image261.jpg,Areoligera medusettiformis grp.,areoligera,1
1012,image1013.jpg,Palaeocystodinium bulliforme (frag),palaeocystodinium,0
821,image822.jpg,Palaeocystodinium golzowense,palaeocystodinium,0
195,image196.jpg,Deflandrea granulata?,deflandrea,4
409,image410.jpg,Axiodinium prearticulatum,axiodinium,24
477,image478.jpg,Eatonicysta ursulae,eatonicysta,6
300,image301.jpg,Enneadocysta sp.,enneadocysta,25
19,image20.jpg,Inaperturopollenites hiatus,inaperturopollenites,3
785,image786.jpg,Hystrichokolpoma rigaudiae,hystrichokolpoma,17
23,image24.jpg,Inaperturopollenites hiatus,inaperturopollenites,3
125,image126.jpg,Nematosphaeridium reticulensis?,nematosphaeridium,118
654,image655.jpg,Axiodinium augustum,axiodinium,24
687,image688.jpg,Isabelidinium viborgense,isabelidinium,16
698,image699.jpg,Isabelidinium viborgense,isabelidinium,16
1110,image1111.jpg,bisaccate pollen,bisaccate,13
662,image663.jpg,Axiodinium augustum,axiodinium,24
757,image758.jpg,Cyathidites minor,cyathidites,113
191,image192.jpg,Thalassiphora pelagica,thalassiphora,27
616,image617.jpg,Caryapollenites simplex,caryapollenites,31
459,image460.jpg,Wetzelielloideae (indet.),wetzelielloideae,72
188,image189.jpg,Distatodinium sp. (frag),distatodinium,33
1108,image1109.jpg,bisaccate pollen,bisaccate,13
186,image187.jpg,Spiniferites twistringiensis,spiniferites,7
804,image805.jpg,Deflandrea phosphoritica,deflandrea,4
923,image924.jpg,Stephanopyxis sp. (diatom),stephanopyxis,22
249,image250.jpg,Areoligera coronata grp,areoligera,1
435,image436.jpg,Azolla massulae,azolla,19
547,image548.jpg,Spinifiertes twistringiensis,spiniferites,7
1048,image1049.jpg,Areosphaeridium diktyoplokum,areosphaeridium,10
83,image84.jpg,Spinifiertes ramosus reticulatus?,spiniferites,7
322,image323.jpg,Phthanoperidinium distinctum,phthanoperidinium,2
924,image925.jpg,radiolaria,radiolaria,80
537,image538.jpg,Phthanoperidinium amoneum,phthanoperidinium,2
696,image697.jpg,Impagidinium obscurum,impagidinium,63
9,image10.jpg,Inaperturopollenites hiatus,inaperturopollenites,3
686,image687.jpg,Areoligera gippingensis,areoligera,1
421,image422.jpg,Eatonicysta ursulae,eatonicysta,6
799,image800.jpg,Wetzeliella sp.,wetzeliella,9
725,image726.jpg,Areoligera gippingensis,areoligera,1
793,image794.jpg,Distatodinium tenerum,distatodinium,33
938,image939.jpg,Palaeocystodinium golzowense (frag),palaeocystodinium,0
275,image276.jpg,Areoligera undulata?,areoligera,1
276,image277.jpg,Spiniferites ramosus ramosus,spiniferites,7
185,image186.jpg,Stephanopyxis sp. (diatom),stephanopyxis,22
1119,image1120.jpg,Nannoceratopsis gracilis,nannoceratopsis,35
498,image499.jpg,Phthanoperidinium comatum,phthanoperidinium,2
948,image949.jpg,Hystrichokolpoma rigaudiae?,hystrichokolpoma,17
1105,image1106.jpg,Raphidodinium fucatum,raphidodinium,39
680,image681.jpg,Hystrichosphaeridium tubiferum tubiferum,hystrichosphaeridium,18
853,image854.jpg,Wetzeliella symmetrica,wetzeliella,9
371,image372.jpg,Palaeocystodinium bulliforme,palaeocystodinium,0
641,image642.jpg,Compositoipollenites rhizophorus rhizophorus,compositoipollenites,71
740,image741.jpg,Isabelidinium viborgense,isabelidinium,16
795,image796.jpg,Deflandrea phosphoritica,deflandrea,4
514,image515.jpg,Phthanoperidinium amoneum,phthanoperidinium,2
418,image419.jpg,Eatonicysta ursulae,eatonicysta,6
181,image182.jpg,Enneadocysta arcuata,enneadocysta,25
677,image678.jpg,Areoligera gippingensis,areoligera,1
951,image952.jpg,Reticulatosphaera actinocoronata?,reticulatosphaera,34
158,image159.jpg,Alisocysta margarita,alisocysta,14
985,image986.jpg,Palaeocystodinium bulliforme,palaeocystodinium,0
387,image388.jpg,Eatonicysta ursulae (broken),eatonicysta,6
160,image161.jpg,Leiosphaeridia (large),leiosphaeridia,48
411,image412.jpg,Caligodinium sp.,caligodinium,38
89,image90.jpg,Glaphyrocysta sp.,glaphyrocysta,12
855,image856.jpg,Phthanoperidinium comatum,phthanoperidinium,2
1106,image1107.jpg,bisaccate pollen,bisaccate,13
979,image980.jpg,Palaeocystodinium bulliforme (frag),palaeocystodinium,0
834,image835.jpg,Rhombodinium draco,rhombodinium,46
3,image4.jpg,Corrudinium incompositum,corrudinium,42
697,image698.jpg,Areoligera gippingensis,areoligera,1
82,image83.jpg,Inaperturopollenites hiatus,inaperturopollenites,3
480,image481.jpg,Eatonicysta ursulae,eatonicysta,6
1090,image1091.jpg,Palaeoperidinium pyrophorum,palaeoperidinium,5
500,image501.jpg,Deflandrea phosphoritica,deflandrea,4
137,image138.jpg,Alisocysta margarita,alisocysta,14
967,image968.jpg,Palaeocystodinium bulliforme (frag),palaeocystodinium,0
489,image490.jpg,Eatonicysta ursulae,eatonicysta,6
60,image61.jpg,Svalbardella cooksoniae,svalbardella,8
184,image185.jpg,Thalassiphora sp?,thalassiphora,27
235,image236.jpg,Raphidodinium fucatum,raphidodinium,39
873,image874.jpg,Spiniferites manumii,spiniferites,7
510,image511.jpg,Operculodinium divergens,operculodinium,47
257,image258.jpg,Areoligera cf. medusettiformis Williams & Downie 1966?,areoligera,1
839,image840.jpg,Deflandrea oebisfeldensis (frag),deflandrea,4
1114,image1115.jpg,Pyxilla sp. (diatom),pyxilla,54
283,image284.jpg,Areoligera medusettiformis grp. (operculum),areoligera,1
660,image661.jpg,Cordosphaeridium inodes,cordosphaeridium,23
200,image201.jpg,Dapsilidinium pseudocolligerum,dapsilidinium,32
657,image658.jpg,Axiodinium augustum,axiodinium,24
945,image946.jpg,Phragmothyrites sp.,phragmothyrites,100
170,image171.jpg,tintinnid??,tintinnid??,94
307,image308.jpg,Phthanoperidinium distinctum,phthanoperidinium,2
685,image686.jpg,Areoligera gippingensis,areoligera,1
251,image252.jpg,Areoligera cf. medusettiformis Williams & Downie 1966,areoligera,1
54,image55.jpg,Wetzeliella gochtii,wetzeliella,9
1088,image1089.jpg,Palaeoperidinium pyrophorum,palaeoperidinium,5
490,image491.jpg,Eatonicysta ursulae,eatonicysta,6
244,image245.jpg,Nannoceratopsis senex,nannoceratopsis,35
1039,image1040.jpg,Dinopterygium cf. cladoides Morgenroth 1966,dinopterygium,20
263,image264.jpg,Areoligera cf. medusettiformis Williams & Downie 1966,areoligera,1
957,image958.jpg,Hystrichokolpoma rigaudiae,hystrichokolpoma,17
849,image850.jpg,Caligodinium sp.,caligodinium,38
15,image16.jpg,Inaperturopollenites hiatus,inaperturopollenites,3
142,image143.jpg,Glaphyrocysta sp.,glaphyrocysta,12
414,image415.jpg,Wetzeliella gochtii?,wetzeliella,9
390,image391.jpg,Diphyes ficusoides,diphyes,41
423,image424.jpg,Eatonicysta ursulae (frag),eatonicysta,6
824,image825.jpg,bisaccate pollen,bisaccate,13
245,image246.jpg,Nannoceratopsis gracilis,nannoceratopsis,35
168,image169.jpg,Alisocysta margarita,alisocysta,14
340,image341.jpg,Glaphyrocysta exuberans?,glaphyrocysta,12
291,image292.jpg,Phthanoperidinium distinctum,phthanoperidinium,2
912,image913.jpg,Odontochitina porifera (operculum),odontochitina,30
288,image289.jpg,Coscinodiscus sp.,coscinodiscus,116
715,image716.jpg,Microdinium sp.,microdinium,101
718,image719.jpg,Areoligera gippingensis,areoligera,1
507,image508.jpg,Deflandrea phosphoritica,deflandrea,4
6,image7.jpg,Thalassiphora pelagica,thalassiphora,27
213,image214.jpg,Thalassiphora pelagica,thalassiphora,27
282,image283.jpg,Areoligera cf. medusettiformis Williams & Downie 1966,areoligera,1
374,image375.jpg,Hystrichosphaeriium tubiferum tubiferum,hystrichosphaeridium,18
551,image552.jpg,Cleistosphaeridium placacanthum,cleistosphaeridium,11
457,image458.jpg,Eatonicysta ursulae,eatonicysta,6
577,image578.jpg,Botryococcus,botryococcus,81
881,image882.jpg,Spiniferites pseudofurcatus,spiniferites,7
215,image216.jpg,Stephanopyxis grunowii (diatom),stephanopyxis,22
1033,image1034.jpg,Palaeocystodinium bulliforme (frag),palaeocystodinium,0
575,image576.jpg,Hystrichokolpoma rigaudiae,hystrichokolpoma,17
330,image331.jpg,Phthanoperidinium distinctum,phthanoperidinium,2
747,image748.jpg,Cleistosphaeridium placacanthum (operculum),cleistosphaeridium,11
601,image602.jpg,Mougeotia laetevirens,mougeotia,117
556,image557.jpg,Minisphaeridium latirictum,minisphaeridium,28
172,image173.jpg,Dinopterygium cf. cladoides Morgenroth 1966,dinopterygium,20
852,image853.jpg,Deflandrea phosphoritica,deflandrea,4
627,image628.jpg,Inaperturopollenites hiatus,inaperturopollenites,3
727,image728.jpg,Hystrichosphaeridium tubiferum tubiferum,hystrichosphaeridium,18
119,image120.jpg,Alisocysta margarita,alisocysta,14
684,image685.jpg,Palaeoperidinium pyrophorum,palaeoperidinium,5
933,image934.jpg,Hystrichokolpoma rigaudiae?,hystrichokolpoma,17
436,image437.jpg,Dracodinium brevicornutum,dracodinium,52
854,image855.jpg,Phthanoperidinium comatum,phthanoperidinium,2
13,image14.jpg,Inaperturopollenites hiatus,inaperturopollenites,3
381,image382.jpg,Echinatosporis sp.,echinatosporis,104
202,image203.jpg,Dinopterygium cf. cladoides Morgenroth 1966,dinopterygium,20
111,image112.jpg,Subtilisphaera sp.A,subtilisphaera,15
561,image562.jpg,Minisphaeridium latirictum,minisphaeridium,28
859,image860.jpg,Phthanoperidinium comatum,phthanoperidinium,2
742,image743.jpg,Cleistosphaeridium sp.,cleistosphaeridium,11
253,image254.jpg,Areoligera medusettiformis grp.,areoligera,1
1068,image1069.jpg,Wetzeliella symmetrica,wetzeliella,9
309,image310.jpg,Phthanoperidinium distinctum,phthanoperidinium,2
982,image983.jpg,Cerodinium speciosum,cerodinium,21
31,image32.jpg,Deflandrea heterophlycta (inner body),deflandrea,4
640,image641.jpg,Triatriopollenites triangulus-subtriangulus,triatriopollenites,51
357,image358.jpg,Enneadocysta multicornutum?,enneadocysta,25
956,image957.jpg,HYstrichokolpoma sp?,hystrichokolpoma,17
40,image41.jpg,Wetzeliella ovalis,wetzeliella,9
326,image327.jpg,Dinopterygium cf. cladoides Morgenroth 1966,dinopterygium,20
651,image652.jpg,Inaperturopollenites hiatus (w/ligula),inaperturopollenites,3
766,image767.jpg,Areosphaeridium diktyoplokum (operculum),areosphaeridium,10
124,image125.jpg,Subtilisphaera sp.A,subtilisphaera,15
1025,image1026.jpg,Spiniferites membranispina,spiniferites,7
817,image818.jpg,Deflandrea phosphoritica,deflandrea,4
366,image367.jpg,Odontochitina operculata? (operculum),odontochitina,30
597,image598.jpg,Palaeocystodinium miocaenicum,palaeocystodinium,0
197,image198.jpg,Hystrichostrogylon? (I know I've seen this!),hystrichostrogylon,55
548,image549.jpg,Distatodinium ellipticum,distatodinium,33
254,image255.jpg,Areoligera cf. medusettiformis Williams & Downie 1966,areoligera,1
1112,image1113.jpg,Triceratium sp. (diatom),triceratium,95
